DATE,DATE_yrmo,ELEVATION,LATITUDE,LONGITUDE,Month,PRCP,TAVG,TAVG_CELS,TMAX,TMIN,TAVG_CELS_59_87,temp_anomalies
19590116.00,195901,240.00,67.82,27.75,1.00,0.04,,,,-5.00,-16.62,
19590214.50,195902,240.00,67.82,27.75,2.00,0.02,,,,12.00,-15.95,
19590316.00,195903,240.00,67.82,27.75,3.00,0.02,,,,15.00,-10.76,
19590415.50,195904,240.00,67.82,27.75,4.00,0.02,,,,10.83,-4.01,
19590516.00,195905,240.00,67.82,27.75,5.00,0.02,41.47,5.26,49.94,33.00,3.57,1.69
19590615.50,195906,240.00,67.82,27.75,6.00,0.02,52.08,11.16,61.77,42.40,10.14,1.02
19590716.00,195907,240.00,67.82,27.75,7.00,0.08,54.95,12.75,65.93,44.06,12.92,-0.17
19590816.00,195908,240.00,67.82,27.75,8.00,0.09,52.56,11.42,63.23,41.90,10.43,0.99
19590915.50,195909,240.00,67.82,27.75,9.00,0.06,38.83,3.80,45.77,31.90,5.17,-1.37
19591016.00,195910,240.00,67.82,27.75,10.00,0.03,28.37,-2.02,35.16,21.58,-1.29,-0.72
19591115.50,195911,240.00,67.82,27.75,11.00,0.06,19.22,-7.10,25.27,13.17,-8.14,1.04
19591216.00,195912,240.00,67.82,27.75,12.00,0.03,8.19,-13.23,15.45,0.94,-13.96,0.74
19600116.00,196001,240.00,67.82,27.75,1.00,0.03,-2.42,-19.12,8.81,-13.65,-16.62,-2.50
19600215.00,196002,240.00,67.82,27.75,2.00,0.02,-1.17,-18.43,10.41,-12.76,-15.95,-2.48
19600316.00,196003,240.00,67.82,27.75,3.00,0.02,19.08,-7.18,27.68,10.48,-10.76,3.58
19600415.50,196004,240.00,67.82,27.75,4.00,0.03,29.70,-1.28,38.33,21.07,-4.01,2.73
19600516.00,196005,240.00,67.82,27.75,5.00,0.02,45.29,7.38,54.65,35.94,3.57,3.81
19600615.50,196006,240.00,67.82,27.75,6.00,0.06,52.13,11.19,61.70,42.57,10.14,1.05
19600716.00,196007,240.00,67.82,27.75,7.00,0.06,62.53,16.96,73.55,51.52,12.92,4.04
19600816.00,196008,240.00,67.82,27.75,8.00,0.07,53.60,12.00,61.90,45.29,10.43,1.57
19600915.50,196009,240.00,67.82,27.75,9.00,0.03,42.60,5.89,48.40,36.80,5.17,0.72
19601016.00,196010,240.00,67.82,27.75,10.00,0.01,20.29,-6.51,28.68,11.90,-1.29,-5.21
19601115.50,196011,240.00,67.82,27.75,11.00,0.03,13.52,-10.27,20.83,6.20,-8.14,-2.13
19601216.00,196012,240.00,67.82,27.75,12.00,0.04,10.65,-11.86,20.10,1.19,-13.96,2.10
19610116.00,196101,240.00,67.82,27.75,1.00,0.02,11.87,-11.18,17.71,6.03,-16.62,5.44
19610214.50,196102,240.00,67.82,27.75,2.00,0.03,9.16,-12.69,19.50,-1.18,-15.95,3.26
19610316.00,196103,240.00,67.82,27.75,3.00,0.03,17.05,-8.31,26.39,7.71,-10.76,2.45
19610415.50,196104,240.00,67.82,27.75,4.00,0.01,20.12,-6.60,31.80,8.43,-4.01,-2.59
19610516.00,196105,240.00,67.82,27.75,5.00,0.04,36.98,2.77,42.39,31.58,3.57,-0.80
19610615.50,196106,240.00,67.82,27.75,6.00,0.12,56.27,13.48,64.83,47.70,10.14,3.34
19610716.00,196107,240.00,67.82,27.75,7.00,0.10,58.60,14.78,66.81,50.39,12.92,1.85
19610816.00,196108,240.00,67.82,27.75,8.00,0.07,51.35,10.75,59.42,43.29,10.43,0.32
19610915.50,196109,240.00,67.82,27.75,9.00,0.05,42.88,6.05,49.50,36.27,5.17,0.88
19611016.00,196110,240.00,67.82,27.75,10.00,0.09,40.92,4.96,44.71,37.13,-1.29,6.25
19611115.50,196111,240.00,67.82,27.75,11.00,0.05,24.77,-4.02,29.30,20.23,-8.14,4.12
19611216.00,196112,240.00,67.82,27.75,12.00,0.02,5.10,-14.95,14.65,-4.45,-13.96,-0.98
19620116.00,196201,240.00,67.82,27.75,1.00,0.04,4.24,-15.42,14.58,-6.10,-16.62,1.20
19620214.50,196202,240.00,67.82,27.75,2.00,0.02,9.05,-12.75,18.18,-0.07,-15.95,3.20
19620316.00,196203,240.00,67.82,27.75,3.00,0.00,-1.60,-18.66,14.81,-18.00,-10.76,-7.91
19620415.50,196204,240.00,67.82,27.75,4.00,0.03,29.83,-1.20,37.27,22.40,-4.01,2.80
19620516.00,196205,240.00,67.82,27.75,5.00,0.05,37.53,3.07,44.68,30.39,3.57,-0.50
19620615.50,196206,240.00,67.82,27.75,6.00,0.04,47.15,8.42,54.53,39.77,10.14,-1.72
19620716.00,196207,240.00,67.82,27.75,7.00,0.07,50.48,10.27,58.52,42.45,12.92,-2.65
19620816.00,196208,240.00,67.82,27.75,8.00,0.06,47.42,8.57,54.52,40.32,10.43,-1.87
19620915.50,196209,240.00,67.82,27.75,9.00,0.05,41.27,5.15,47.10,35.43,5.17,-0.02
19621016.00,196210,240.00,67.82,27.75,10.00,0.06,29.29,-1.51,36.81,21.77,-1.29,-0.21
19621115.50,196211,240.00,67.82,27.75,11.00,0.03,24.77,-4.02,29.93,19.60,-8.14,4.12
19621216.00,196212,240.00,67.82,27.75,12.00,0.02,-0.50,-18.06,11.84,-12.84,-13.96,-4.09
19630116.00,196301,240.00,67.82,27.75,1.00,0.03,-0.66,-18.15,13.23,-14.55,-16.62,-1.53
19630214.50,196302,240.00,67.82,27.75,2.00,0.02,-0.64,-18.13,10.93,-12.21,-15.95,-2.19
19630316.00,196303,240.00,67.82,27.75,3.00,0.00,3.53,-15.82,18.81,-11.74,-10.76,-5.06
19630415.50,196304,240.00,67.82,27.75,4.00,0.02,27.97,-2.24,36.90,19.03,-4.01,1.77
19630516.00,196305,240.00,67.82,27.75,5.00,0.02,49.37,9.65,60.13,38.61,3.57,6.08
19630615.50,196306,240.00,67.82,27.75,6.00,0.08,46.92,8.29,54.87,38.97,10.14,-1.85
19630716.00,196307,240.00,67.82,27.75,7.00,0.10,54.03,12.24,63.42,44.65,12.92,-0.68
19630816.00,196308,240.00,67.82,27.75,8.00,0.06,52.45,11.36,60.39,44.52,10.43,0.93
19630915.50,196309,240.00,67.82,27.75,9.00,0.12,46.32,7.95,53.50,39.13,5.17,2.79
19631016.00,196310,240.00,67.82,27.75,10.00,0.05,32.29,0.16,36.65,27.94,-1.29,1.46
19631115.50,196311,240.00,67.82,27.75,11.00,0.05,18.83,-7.31,24.07,13.60,-8.14,0.83
19631216.00,196312,240.00,67.82,27.75,12.00,0.05,7.32,-13.71,17.29,-2.65,-13.96,0.25
19640116.00,196401,240.00,67.82,27.75,1.00,0.03,14.60,-9.67,25.35,3.84,-16.62,6.95
19640215.00,196402,240.00,67.82,27.75,2.00,0.03,0.86,-17.30,12.00,-10.28,-15.95,-1.35
19640316.00,196403,240.00,67.82,27.75,3.00,0.01,12.65,-10.75,27.06,-1.77,-10.76,0.00
19640415.50,196404,240.00,67.82,27.75,4.00,0.03,24.17,-4.35,33.50,14.83,-4.01,-0.34
19640516.00,196405,240.00,67.82,27.75,5.00,0.02,40.87,4.93,48.23,33.52,3.57,1.36
19640615.50,196406,240.00,67.82,27.75,6.00,0.06,48.75,9.31,57.77,39.73,10.14,-0.83
19640716.00,196407,240.00,67.82,27.75,7.00,0.07,56.23,13.46,65.13,47.32,12.92,0.54
19640816.00,196408,240.00,67.82,27.75,8.00,0.12,51.50,10.83,58.97,44.03,10.43,0.40
19640915.50,196409,240.00,67.82,27.75,9.00,0.11,40.10,4.50,46.33,33.87,5.17,-0.67
19641016.00,196410,240.00,67.82,27.75,10.00,0.04,35.94,2.19,40.84,31.03,-1.29,3.48
19641115.50,196411,240.00,67.82,27.75,11.00,0.02,14.70,-9.61,22.40,7.00,-8.14,-1.47
19641216.00,196412,240.00,67.82,27.75,12.00,0.05,9.15,-12.70,19.06,-0.77,-13.96,1.26
19650116.00,196501,240.00,67.82,27.75,1.00,0.06,7.69,-13.50,16.55,-1.16,-16.62,3.12
19650214.50,196502,240.00,67.82,27.75,2.00,0.04,6.71,-14.05,17.04,-3.61,-15.95,1.90
19650316.00,196503,240.00,67.82,27.75,3.00,0.04,7.65,-13.53,21.84,-6.55,-10.76,-2.77
19650415.50,196504,240.00,67.82,27.75,4.00,0.01,25.57,-3.57,35.80,15.33,-4.01,0.43
19650516.00,196505,240.00,67.82,27.75,5.00,0.02,32.82,0.46,39.77,25.87,3.57,-3.12
19650615.50,196506,240.00,67.82,27.75,6.00,0.10,49.70,9.83,59.23,40.17,10.14,-0.31
19650716.00,196507,240.00,67.82,27.75,7.00,0.09,51.58,10.88,59.45,43.71,12.92,-2.05
19650816.00,196508,240.00,67.82,27.75,8.00,0.12,49.60,9.78,55.52,43.68,10.43,-0.66
19650915.50,196509,240.00,67.82,27.75,9.00,0.05,43.25,6.25,49.73,36.77,5.17,1.08
19651016.00,196510,240.00,67.82,27.75,10.00,0.08,28.48,-1.95,35.42,21.55,-1.29,-0.66
19651115.50,196511,240.00,67.82,27.75,11.00,0.04,10.40,-12.00,17.63,3.17,-8.14,-3.86
19651216.00,196512,240.00,67.82,27.75,12.00,0.03,3.21,-15.99,11.45,-5.03,-13.96,-2.03
19660116.00,196601,240.00,67.82,27.75,1.00,0.02,-7.63,-22.02,1.19,-16.45,-16.62,-5.40
19660214.50,196602,240.00,67.82,27.75,2.00,0.03,-11.95,-24.41,-2.64,-21.25,-15.95,-8.47
19660316.00,196603,240.00,67.82,27.75,3.00,0.02,0.32,-17.60,12.45,-11.81,-10.76,-6.84
19660415.50,196604,240.00,67.82,27.75,4.00,0.03,21.92,-5.60,30.70,13.13,-4.01,-1.59
19660516.00,196605,240.00,67.82,27.75,5.00,0.04,37.18,2.88,44.58,29.77,3.57,-0.70
19660615.50,196606,240.00,67.82,27.75,6.00,0.07,52.87,11.59,63.03,42.70,10.14,1.45
19660716.00,196607,240.00,67.82,27.75,7.00,0.10,55.84,13.24,64.74,46.94,12.92,0.32
19660816.00,196608,240.00,67.82,27.75,8.00,0.10,48.77,9.32,57.00,40.55,10.43,-1.11
19660915.50,196609,240.00,67.82,27.75,9.00,0.09,37.43,3.02,43.70,31.17,5.17,-2.15
19661016.00,196610,240.00,67.82,27.75,10.00,0.09,24.44,-4.20,30.23,18.65,-1.29,-2.91
19661115.50,196611,240.00,67.82,27.75,11.00,0.06,22.02,-5.55,29.47,14.57,-8.14,2.60
19661216.00,196612,240.00,67.82,27.75,12.00,0.04,11.68,-11.29,17.45,5.90,-13.96,2.67
19670116.00,196701,240.00,67.82,27.75,1.00,0.03,-7.79,-22.11,4.39,-19.97,-16.62,-5.49
19670214.50,196702,240.00,67.82,27.75,2.00,0.04,12.54,-10.81,19.79,5.29,-15.95,5.13
19670316.00,196703,240.00,67.82,27.75,3.00,0.05,22.95,-5.03,30.23,15.68,-10.76,5.73
19670415.50,196704,240.00,67.82,27.75,4.00,0.03,27.12,-2.71,36.50,17.73,-4.01,1.29
19670516.00,196705,240.00,67.82,27.75,5.00,0.02,38.02,3.34,46.94,29.10,3.57,-0.23
19670615.50,196706,240.00,67.82,27.75,6.00,0.05,49.48,9.71,57.73,41.23,10.14,-0.43
19670716.00,196707,240.00,67.82,27.75,7.00,0.09,55.68,13.15,63.06,48.29,12.92,0.23
19670816.00,196708,240.00,67.82,27.75,8.00,0.05,55.87,13.26,63.42,48.32,10.43,2.83
19670915.50,196709,240.00,67.82,27.75,9.00,0.05,44.77,7.09,51.47,38.07,5.17,1.93
19671016.00,196710,240.00,67.82,27.75,10.00,0.12,30.73,-0.71,35.94,25.52,-1.29,0.59
19671115.50,196711,240.00,67.82,27.75,11.00,0.05,29.10,-1.61,33.33,24.87,-8.14,6.53
19671216.00,196712,240.00,67.82,27.75,12.00,0.02,-4.23,-20.13,6.42,-14.87,-13.96,-6.16
19680116.00,196801,240.00,67.82,27.75,1.00,0.03,-3.10,-19.50,5.16,-11.35,-16.62,-2.88
19680215.00,196802,240.00,67.82,27.75,2.00,0.03,0.98,-17.23,10.45,-8.48,-15.95,-1.29
19680316.00,196803,240.00,67.82,27.75,3.00,0.03,14.50,-9.72,24.42,4.58,-10.76,1.03
19680415.50,196804,240.00,67.82,27.75,4.00,0.06,24.18,-4.34,32.87,15.50,-4.01,-0.33
19680516.00,196805,240.00,67.82,27.75,5.00,0.02,32.35,0.20,39.23,25.48,3.57,-3.38
19680615.50,196806,240.00,67.82,27.75,6.00,0.02,50.85,10.47,59.20,42.50,10.14,0.33
19680716.00,196807,240.00,67.82,27.75,7.00,0.04,49.79,9.88,57.35,42.23,12.92,-3.04
19680816.00,196808,240.00,67.82,27.75,8.00,0.05,48.92,9.40,57.74,40.10,10.43,-1.03
19680915.50,196809,240.00,67.82,27.75,9.00,0.06,36.62,2.56,43.73,29.50,5.17,-2.60
19681016.00,196810,240.00,67.82,27.75,10.00,0.06,18.34,-7.59,25.29,11.39,-1.29,-6.30
19681115.50,196811,240.00,67.82,27.75,11.00,0.03,18.80,-7.33,24.60,13.00,-8.14,0.81
19681216.00,196812,240.00,67.82,27.75,12.00,0.03,18.66,-7.41,25.65,11.68,-13.96,6.55
19690116.00,196901,240.00,67.82,27.75,1.00,0.04,4.31,-15.39,11.03,-2.42,-16.62,1.23
19690214.50,196902,240.00,67.82,27.75,2.00,0.01,-0.86,-18.25,5.79,-7.50,-15.95,-2.31
19690316.00,196903,240.00,67.82,27.75,3.00,0.03,10.05,-12.20,20.26,-0.16,-10.76,-1.44
19690415.50,196904,240.00,67.82,27.75,4.00,0.02,23.20,-4.89,33.30,13.10,-4.01,-0.88
19690516.00,196905,240.00,67.82,27.75,5.00,0.02,33.74,0.97,40.10,27.39,3.57,-2.61
19690615.50,196906,240.00,67.82,27.75,6.00,0.02,47.83,8.80,56.63,39.03,10.14,-1.34
19690716.00,196907,240.00,67.82,27.75,7.00,0.03,54.94,12.74,64.19,45.68,12.92,-0.18
19690816.00,196908,240.00,67.82,27.75,8.00,0.07,51.89,11.05,61.03,42.74,10.43,0.62
19690915.50,196909,240.00,67.82,27.75,9.00,0.06,40.00,4.44,46.30,33.70,5.17,-0.72
19691016.00,196910,240.00,67.82,27.75,10.00,0.02,31.48,-0.29,36.19,26.77,-1.29,1.01
19691115.50,196911,240.00,67.82,27.75,11.00,0.03,17.88,-7.84,24.67,11.10,-8.14,0.30
19691216.00,196912,240.00,67.82,27.75,12.00,0.03,10.94,-11.70,18.32,3.55,-13.96,2.26
19700116.00,197001,240.00,67.82,27.75,1.00,0.02,3.71,-15.72,12.71,-5.29,-16.62,0.90
19700214.50,197002,240.00,67.82,27.75,2.00,0.02,-5.82,-21.01,3.64,-15.29,-15.95,-5.07
19700316.00,197003,240.00,67.82,27.75,3.00,0.03,19.02,-7.21,25.03,13.00,-10.76,3.54
19700415.50,197004,240.00,67.82,27.75,4.00,0.02,19.72,-6.82,29.37,10.07,-4.01,-2.82
19700516.00,197005,240.00,67.82,27.75,5.00,0.03,36.81,2.67,44.35,29.26,3.57,-0.90
19700615.50,197006,240.00,67.82,27.75,6.00,0.03,54.92,12.73,65.33,44.50,10.14,2.59
19700716.00,197007,240.00,67.82,27.75,7.00,0.13,58.95,14.97,67.13,50.77,12.92,2.05
19700816.00,197008,240.00,67.82,27.75,8.00,0.03,52.13,11.18,61.71,42.55,10.43,0.75
19700915.50,197009,240.00,67.82,27.75,9.00,0.11,41.90,5.50,47.53,36.27,5.17,0.33
19701016.00,197010,240.00,67.82,27.75,10.00,0.02,30.94,-0.59,35.45,26.42,-1.29,0.70
19701115.50,197011,240.00,67.82,27.75,11.00,0.02,14.85,-9.53,20.70,9.00,-8.14,-1.39
19701216.00,197012,240.00,67.82,27.75,12.00,0.03,10.89,-11.73,19.94,1.84,-13.96,2.23
19710116.00,197101,240.00,67.82,27.75,1.00,0.03,6.06,-14.41,15.90,-3.77,-16.62,2.21
19710214.50,197102,240.00,67.82,27.75,2.00,0.03,0.36,-17.58,8.93,-8.21,-15.95,-1.63
19710316.00,197103,240.00,67.82,27.75,3.00,0.02,2.53,-16.37,15.58,-10.52,-10.76,-5.61
19710415.50,197104,240.00,67.82,27.75,4.00,0.02,18.73,-7.37,29.70,7.77,-4.01,-3.36
19710516.00,197105,240.00,67.82,27.75,5.00,0.00,34.92,1.62,43.39,26.45,3.57,-1.95
19710615.50,197106,240.00,67.82,27.75,6.00,0.01,47.63,8.69,56.33,38.93,10.14,-1.45
19710716.00,197107,240.00,67.82,27.75,7.00,0.07,53.73,12.07,62.16,45.29,12.92,-0.85
19710816.00,197108,240.00,67.82,27.75,8.00,0.04,51.63,10.91,59.16,44.10,10.43,0.47
19710915.50,197109,240.00,67.82,27.75,9.00,0.03,39.22,4.01,45.67,32.77,5.17,-1.16
19711016.00,197110,240.00,67.82,27.75,10.00,0.03,26.92,-2.82,32.94,20.90,-1.29,-1.53
19711115.50,197111,240.00,67.82,27.75,11.00,0.04,7.75,-13.47,16.53,-1.03,-8.14,-5.33
19711216.00,197112,240.00,67.82,27.75,12.00,0.03,11.42,-11.43,20.48,2.35,-13.96,2.53
19720116.00,197201,240.00,67.82,27.75,1.00,0.01,12.26,-10.97,18.19,6.32,-16.62,5.65
19720215.00,197202,240.00,67.82,27.75,2.00,0.02,7.86,-13.41,16.41,-0.69,-15.95,2.54
19720316.00,197203,240.00,67.82,27.75,3.00,0.01,18.40,-7.55,26.39,10.42,-10.76,3.20
19720415.50,197204,240.00,67.82,27.75,4.00,0.03,26.53,-3.04,32.23,20.83,-4.01,0.97
19720516.00,197205,240.00,67.82,27.75,5.00,0.02,36.05,2.25,42.23,29.87,3.57,-1.32
19720615.50,197206,240.00,67.82,27.75,6.00,0.02,54.45,12.47,64.77,44.13,10.14,2.33
19720716.00,197207,240.00,67.82,27.75,7.00,0.05,61.21,16.23,71.68,50.74,12.92,3.30
19720816.00,197208,240.00,67.82,27.75,8.00,0.05,53.06,11.70,62.55,43.58,10.43,1.27
19720915.50,197209,240.00,67.82,27.75,9.00,0.08,40.93,4.96,47.93,33.93,5.17,-0.20
19721016.00,197210,240.00,67.82,27.75,10.00,0.06,30.02,-1.10,35.48,24.55,-1.29,0.19
19721115.50,197211,240.00,67.82,27.75,11.00,0.02,14.50,-9.72,20.27,8.73,-8.14,-1.58
19721216.00,197212,240.00,67.82,27.75,12.00,0.02,24.16,-4.35,29.52,18.81,-13.96,9.61
19750615.50,197506,240.00,67.82,27.75,6.00,0.07,46.88,8.27,53.77,40.00,10.14,-1.87
19750716.00,197507,240.00,67.82,27.75,7.00,0.06,52.63,11.46,59.71,45.55,12.92,-1.46
19750816.00,197508,240.00,67.82,27.75,8.00,0.05,48.76,9.31,56.45,41.06,10.43,-1.12
19750915.50,197509,240.00,67.82,27.75,9.00,0.11,43.43,6.35,50.67,36.20,5.17,1.18
19751016.00,197510,240.00,67.82,27.75,10.00,0.05,30.73,-0.71,36.00,25.45,-1.29,0.59
19751115.50,197511,240.00,67.82,27.75,11.00,0.03,20.43,-6.43,27.87,13.00,-8.14,1.72
19751216.00,197512,240.00,67.82,27.75,12.00,0.03,6.69,-14.06,17.48,-4.10,-13.96,-0.10
19760116.00,197601,240.00,67.82,27.75,1.00,0.03,-2.24,-19.02,7.32,-11.81,-16.62,-2.40
19760215.00,197602,240.00,67.82,27.75,2.00,0.03,9.90,-12.28,16.48,3.31,-15.95,3.67
19760316.00,197603,240.00,67.82,27.75,3.00,0.01,11.50,-11.39,21.65,1.35,-10.76,-0.63
19760415.50,197604,240.00,67.82,27.75,4.00,0.01,26.32,-3.16,33.97,18.67,-4.01,0.85
19760516.00,197605,240.00,67.82,27.75,5.00,0.01,41.06,5.04,49.74,32.39,3.57,1.46
19760615.50,197606,240.00,67.82,27.75,6.00,0.05,46.55,8.08,54.43,38.67,10.14,-2.06
19760716.00,197607,240.00,67.82,27.75,7.00,0.14,53.94,12.19,62.68,45.19,12.92,-0.74
19760816.00,197608,240.00,67.82,27.75,8.00,0.07,51.55,10.86,62.00,41.10,10.43,0.43
19760915.50,197609,240.00,67.82,27.75,9.00,0.05,36.98,2.77,44.27,29.70,5.17,-2.40
19761016.00,197610,240.00,67.82,27.75,10.00,0.03,25.24,-3.75,30.26,20.23,-1.29,-2.46
19761115.50,197611,240.00,67.82,27.75,11.00,0.05,14.45,-9.75,22.13,6.77,-8.14,-1.61
19761216.00,197612,240.00,67.82,27.75,12.00,0.02,10.06,-12.19,16.58,3.55,-13.96,1.78
19770116.00,197701,240.00,67.82,27.75,1.00,0.04,6.63,-14.09,14.23,-0.97,-16.62,2.53
19770214.50,197702,240.00,67.82,27.75,2.00,0.01,5.23,-14.87,13.25,-2.79,-15.95,1.07
19770316.00,197703,240.00,67.82,27.75,3.00,0.04,12.47,-10.85,23.19,1.74,-10.76,-0.09
19770415.50,197704,240.00,67.82,27.75,4.00,0.04,24.67,-4.07,32.20,17.13,-4.01,-0.07
19770516.00,197705,240.00,67.82,27.75,5.00,0.03,35.45,1.92,42.23,28.68,3.57,-1.66
19770615.50,197706,240.00,67.82,27.75,6.00,0.06,47.62,8.68,55.47,39.77,10.14,-1.46
19770716.00,197707,240.00,67.82,27.75,7.00,0.11,55.29,12.94,63.74,46.84,12.92,0.02
19770816.00,197708,240.00,67.82,27.75,8.00,0.04,49.69,9.83,57.10,42.29,10.43,-0.60
19770915.50,197709,240.00,67.82,27.75,9.00,0.04,39.82,4.34,45.33,34.30,5.17,-0.82
19771016.00,197710,240.00,67.82,27.75,10.00,0.07,26.08,-3.29,31.55,20.61,-1.29,-1.99
19771115.50,197711,240.00,67.82,27.75,11.00,0.03,20.83,-6.20,26.10,15.57,-8.14,1.94
19771216.00,197712,240.00,67.82,27.75,12.00,0.01,10.18,-12.12,17.61,2.74,-13.96,1.84
19780116.00,197801,240.00,67.82,27.75,1.00,0.04,4.00,-15.56,13.55,-5.55,-16.62,1.06
19780214.50,197802,240.00,67.82,27.75,2.00,0.03,2.18,-16.57,9.96,-5.61,-15.95,-0.62
19780316.00,197803,240.00,67.82,27.75,3.00,0.01,15.97,-8.91,24.32,7.61,-10.76,1.85
19780415.50,197804,240.00,67.82,27.75,4.00,0.02,22.40,-5.33,31.47,13.33,-4.01,-1.33
19780516.00,197805,240.00,67.82,27.75,5.00,0.00,38.16,3.42,48.65,27.68,3.57,-0.15
19780615.50,197806,240.00,67.82,27.75,6.00,0.00,49.57,9.76,58.67,40.47,10.14,-0.38
19780716.00,197807,240.00,67.82,27.75,7.00,0.09,53.79,12.11,63.03,44.55,12.92,-0.82
19780816.00,197808,240.00,67.82,27.75,8.00,0.06,48.61,9.23,55.65,41.58,10.43,-1.20
19780915.50,197809,240.00,67.82,27.75,9.00,0.05,42.12,5.62,46.80,37.43,5.17,0.45
19781016.00,197810,240.00,67.82,27.75,10.00,0.07,28.16,-2.13,33.13,23.19,-1.29,-0.84
19781115.50,197811,240.00,67.82,27.75,11.00,0.01,15.57,-9.13,23.27,7.87,-8.14,-0.99
19781216.00,197812,240.00,67.82,27.75,12.00,0.02,-4.31,-20.17,5.87,-14.48,-13.96,-6.21
19790116.00,197901,240.00,67.82,27.75,1.00,0.02,0.29,-17.62,8.16,-7.58,-16.62,-1.00
19790214.50,197902,240.00,67.82,27.75,2.00,0.04,4.93,-15.04,13.11,-3.25,-15.95,0.91
19790316.00,197903,240.00,67.82,27.75,3.00,0.02,17.42,-8.10,25.23,9.61,-10.76,2.66
19790415.50,197904,240.00,67.82,27.75,4.00,0.02,21.72,-5.71,30.97,12.47,-4.01,-1.71
19790516.00,197905,240.00,67.82,27.75,5.00,0.05,40.48,4.71,47.84,33.13,3.57,1.14
19790615.50,197906,240.00,67.82,27.75,6.00,0.05,51.98,11.10,59.83,44.13,10.14,0.96
19790716.00,197907,240.00,67.82,27.75,7.00,0.06,57.24,14.02,66.03,48.45,12.92,1.10
19790816.00,197908,240.00,67.82,27.75,8.00,0.07,53.37,11.87,61.68,45.06,10.43,1.44
19790915.50,197909,240.00,67.82,27.75,9.00,0.10,43.32,6.29,48.63,38.00,5.17,1.12
19791016.00,197910,240.00,67.82,27.75,10.00,0.03,24.66,-4.08,30.06,19.26,-1.29,-2.78
19791115.50,197911,240.00,67.82,27.75,11.00,0.05,19.85,-6.75,25.70,14.00,-8.14,1.39
19791216.00,197912,240.00,67.82,27.75,12.00,0.03,14.10,-9.95,20.84,7.35,-13.96,4.02
19800116.00,198001,240.00,67.82,27.75,1.00,0.02,0.81,-17.33,10.77,-9.16,-16.62,-0.71
19800215.00,198002,240.00,67.82,27.75,2.00,0.02,1.17,-17.13,9.31,-6.97,-15.95,-1.18
19800316.00,198003,240.00,67.82,27.75,3.00,0.03,10.15,-12.14,20.32,-0.03,-10.76,-1.39
19800415.50,198004,240.00,67.82,27.75,4.00,0.01,29.15,-1.58,36.63,21.67,-4.01,2.42
19800516.00,198005,240.00,67.82,27.75,5.00,0.02,36.52,2.51,43.65,29.39,3.57,-1.06
19800615.50,198006,240.00,67.82,27.75,6.00,0.03,56.87,13.81,66.67,47.07,10.14,3.68
19800716.00,198007,240.00,67.82,27.75,7.00,0.02,54.24,12.36,65.39,43.10,12.92,-0.57
19800816.00,198008,240.00,67.82,27.75,8.00,0.09,50.15,10.08,59.52,40.77,10.43,-0.35
19800915.50,198009,240.00,67.82,27.75,9.00,0.06,42.52,5.84,48.97,36.07,5.17,0.68
19801016.00,198010,240.00,67.82,27.75,10.00,0.08,27.63,-2.43,33.26,22.00,-1.29,-1.13
19801115.50,198011,240.00,67.82,27.75,11.00,0.02,10.20,-12.11,17.70,2.70,-8.14,-3.97
19801216.00,198012,240.00,67.82,27.75,12.00,0.03,3.34,-15.92,11.90,-5.23,-13.96,-1.96
19810116.00,198101,240.00,67.82,27.75,1.00,0.04,8.02,-13.32,18.94,-2.90,-16.62,3.30
19810214.50,198102,240.00,67.82,27.75,2.00,0.02,3.39,-15.89,12.18,-5.39,-15.95,0.05
19810316.00,198103,240.00,67.82,27.75,3.00,0.02,2.81,-16.22,14.16,-8.55,-10.76,-5.46
19810415.50,198104,240.00,67.82,27.75,4.00,0.01,21.72,-5.71,31.83,11.60,-4.01,-1.71
19810516.00,198105,240.00,67.82,27.75,5.00,0.02,38.11,3.40,48.61,27.61,3.57,-0.18
19810615.50,198106,240.00,67.82,27.75,6.00,0.15,45.87,7.70,53.50,38.23,10.14,-2.44
19810716.00,198107,240.00,67.82,27.75,7.00,0.14,56.82,13.79,65.48,48.16,12.92,0.87
19810816.00,198108,240.00,67.82,27.75,8.00,0.10,50.05,10.03,55.06,45.03,10.43,-0.40
19810915.50,198109,240.00,67.82,27.75,9.00,0.07,41.38,5.21,47.70,35.07,5.17,0.05
19811016.00,198110,240.00,67.82,27.75,10.00,0.06,33.08,0.60,37.03,29.13,-1.29,1.89
19811115.50,198111,240.00,67.82,27.75,11.00,0.03,17.93,-7.81,25.27,10.60,-8.14,0.33
19811216.00,198112,240.00,67.82,27.75,12.00,0.03,-4.60,-20.33,4.39,-13.58,-13.96,-6.37
19820116.00,198201,240.00,67.82,27.75,1.00,0.03,-5.44,-20.80,6.61,-17.48,-16.62,-4.18
19820214.50,198202,240.00,67.82,27.75,2.00,0.03,13.45,-10.31,22.36,4.54,-15.95,5.64
19820316.00,198203,240.00,67.82,27.75,3.00,0.04,18.48,-7.51,26.16,10.81,-10.76,3.25
19820415.50,198204,240.00,67.82,27.75,4.00,0.03,27.33,-2.59,34.93,19.73,-4.01,1.42
19820516.00,198205,240.00,67.82,27.75,5.00,0.07,37.92,3.29,43.97,31.87,3.57,-0.28
19820615.50,198206,240.00,67.82,27.75,6.00,0.02,42.45,5.81,49.10,35.80,10.14,-4.33
19820716.00,198207,240.00,67.82,27.75,7.00,0.05,56.48,13.60,66.00,46.97,12.92,0.68
19820816.00,198208,240.00,67.82,27.75,8.00,0.08,50.48,10.27,57.48,43.48,10.43,-0.16
19820915.50,198209,240.00,67.82,27.75,9.00,0.07,42.22,5.68,48.43,36.00,5.17,0.51
19821016.00,198210,240.00,67.82,27.75,10.00,0.04,29.79,-1.23,34.23,25.35,-1.29,0.07
19821115.50,198211,240.00,67.82,27.75,11.00,0.05,23.52,-4.71,30.27,16.77,-8.14,3.43
19821216.00,198212,240.00,67.82,27.75,12.00,0.03,14.48,-9.73,23.10,5.87,-13.96,4.23
19830116.00,198301,240.00,67.82,27.75,1.00,0.04,10.84,-11.76,18.94,2.74,-16.62,4.86
19830214.50,198302,240.00,67.82,27.75,2.00,0.03,6.75,-14.03,16.93,-3.43,-15.95,1.92
19830316.00,198303,240.00,67.82,27.75,3.00,0.04,15.98,-8.90,25.61,6.35,-10.76,1.86
19830415.50,198304,240.00,67.82,27.75,4.00,0.02,32.18,0.10,37.90,26.47,-4.01,4.11
19830516.00,198305,240.00,67.82,27.75,5.00,0.04,41.24,5.13,48.10,34.39,3.57,1.56
19830615.50,198306,240.00,67.82,27.75,6.00,0.12,50.43,10.24,57.47,43.40,10.14,0.10
19830716.00,198307,240.00,67.82,27.75,7.00,0.11,56.37,13.54,64.16,48.58,12.92,0.62
19830816.00,198308,240.00,67.82,27.75,8.00,0.05,49.29,9.61,57.58,41.00,10.43,-0.83
19830915.50,198309,240.00,67.82,27.75,9.00,0.05,45.60,7.56,50.23,40.97,5.17,2.39
19831016.00,198310,240.00,67.82,27.75,10.00,0.08,30.85,-0.64,36.13,25.58,-1.29,0.66
19831115.50,198311,240.00,67.82,27.75,11.00,0.04,2.45,-16.42,12.53,-7.63,-8.14,-8.28
19831216.00,198312,240.00,67.82,27.75,12.00,0.04,1.44,-16.98,13.23,-10.35,-13.96,-3.02
19840116.00,198401,240.00,67.82,27.75,1.00,0.05,6.03,-14.43,14.94,-2.87,-16.62,2.19
19840215.00,198402,240.00,67.82,27.75,2.00,0.04,17.84,-7.86,24.00,11.69,-15.95,8.08
19840316.00,198403,240.00,67.82,27.75,3.00,0.02,11.23,-11.54,21.77,0.68,-10.76,-0.78
19840415.50,198404,240.00,67.82,27.75,4.00,0.02,28.42,-1.99,36.47,20.37,-4.01,2.02
19840516.00,198405,240.00,67.82,27.75,5.00,0.01,44.56,6.98,54.48,34.65,3.57,3.41
19840615.50,198406,240.00,67.82,27.75,6.00,0.06,51.23,10.69,59.90,42.57,10.14,0.55
19840716.00,198407,240.00,67.82,27.75,7.00,0.12,53.63,12.02,58.84,48.42,12.92,-0.91
19840816.00,198408,240.00,67.82,27.75,8.00,0.06,49.69,9.83,57.58,41.81,10.43,-0.60
19840915.50,198409,240.00,67.82,27.75,9.00,0.04,39.88,4.38,46.33,33.43,5.17,-0.79
19841016.00,198410,240.00,67.82,27.75,10.00,0.05,30.13,-1.04,34.00,26.26,-1.29,0.25
19841115.50,198411,240.00,67.82,27.75,11.00,0.03,14.02,-9.99,21.40,6.63,-8.14,-1.85
19841216.00,198412,240.00,67.82,27.75,12.00,0.05,18.39,-7.56,24.55,12.23,-13.96,6.40
19850116.00,198501,240.00,67.82,27.75,1.00,0.01,-9.71,-23.17,-0.97,-18.45,-16.62,-6.55
19850214.50,198502,240.00,67.82,27.75,2.00,0.01,-12.18,-24.54,-2.14,-22.21,-15.95,-8.60
19850316.00,198503,240.00,67.82,27.75,3.00,0.05,18.23,-7.65,25.74,10.71,-10.76,3.10
19850415.50,198504,240.00,67.82,27.75,4.00,0.03,20.25,-6.53,30.90,9.60,-4.01,-2.52
19850516.00,198505,240.00,67.82,27.75,5.00,0.03,34.76,1.53,41.10,28.42,3.57,-2.04
19850615.50,198506,240.00,67.82,27.75,6.00,0.06,50.35,10.19,58.87,41.83,10.14,0.06
19850716.00,198507,240.00,67.82,27.75,7.00,0.04,55.85,13.25,65.87,45.84,12.92,0.33
19850816.00,198508,240.00,67.82,27.75,8.00,0.10,53.02,11.68,60.03,46.00,10.43,1.24
19850915.50,198509,240.00,67.82,27.75,9.00,0.11,42.68,5.94,48.30,37.07,5.17,0.77
19851016.00,198510,240.00,67.82,27.75,10.00,0.10,32.66,0.37,37.68,27.65,-1.29,1.66
19851115.50,198511,240.00,67.82,27.75,11.00,0.05,17.75,-7.92,24.13,11.37,-8.14,0.22
19851216.00,198512,240.00,67.82,27.75,12.00,0.02,-6.50,-21.39,4.71,-17.71,-13.96,-7.43
19860116.00,198601,240.00,67.82,27.75,1.00,0.03,-1.05,-18.36,7.45,-9.55,-16.62,-1.74
19860214.50,198602,240.00,67.82,27.75,2.00,0.02,1.80,-16.78,13.07,-9.46,-15.95,-0.83
19860316.00,198603,240.00,67.82,27.75,3.00,0.03,23.60,-4.67,29.35,17.84,-10.76,6.09
19860415.50,198604,240.00,67.82,27.75,4.00,0.04,23.48,-4.73,32.73,14.23,-4.01,-0.72
19860516.00,198605,240.00,67.82,27.75,5.00,0.04,39.84,4.35,46.84,32.84,3.57,0.78
19860615.50,198606,240.00,67.82,27.75,6.00,0.04,55.90,13.28,65.80,46.00,10.14,3.14
19860716.00,198607,240.00,67.82,27.75,7.00,0.05,55.03,12.80,64.10,45.97,12.92,-0.13
19860816.00,198608,240.00,67.82,27.75,8.00,0.14,48.10,8.94,55.35,40.84,10.43,-1.49
19860915.50,198609,240.00,67.82,27.75,9.00,0.04,36.65,2.58,42.30,31.00,5.17,-2.58
19861016.00,198610,240.00,67.82,27.75,10.00,0.06,32.79,0.44,37.71,27.87,-1.29,1.73
19861115.50,198611,240.00,67.82,27.75,11.00,0.06,24.82,-3.99,30.27,19.37,-8.14,4.15
19861216.00,198612,240.00,67.82,27.75,12.00,0.02,-5.74,-20.97,2.84,-14.32,-13.96,-7.01
19870116.00,198701,240.00,67.82,27.75,1.00,0.01,-9.23,-22.90,-0.03,-18.42,-16.62,-6.28
19870214.50,198702,240.00,67.82,27.75,2.00,0.08,0.89,-17.28,11.04,-9.25,-15.95,-1.34
19870316.00,198703,240.00,67.82,27.75,3.00,0.04,12.02,-11.10,20.65,3.39,-10.76,-0.35
19870415.50,198704,240.00,67.82,27.75,4.00,0.02,23.27,-4.85,33.40,13.13,-4.01,-0.84
19870516.00,198705,240.00,67.82,27.75,5.00,0.02,37.69,3.16,44.94,30.45,3.57,-0.41
19870615.50,198706,240.00,67.82,27.75,6.00,0.08,50.02,10.01,57.87,42.17,10.14,-0.13
19870716.00,198707,240.00,67.82,27.75,7.00,0.07,52.23,11.24,61.10,43.35,12.92,-1.69
19870816.00,198708,240.00,67.82,27.75,8.00,0.15,47.47,8.59,54.77,40.16,10.43,-1.84
19870915.50,198709,240.00,67.82,27.75,9.00,0.06,42.40,5.78,47.20,37.60,5.17,0.61
19871016.00,198710,240.00,67.82,27.75,10.00,0.03,40.85,4.92,44.29,37.42,-1.29,6.21
19871115.50,198711,240.00,67.82,27.75,11.00,0.01,15.40,-9.22,20.87,9.93,-8.14,-1.08
19871216.00,198712,240.00,67.82,27.75,12.00,0.01,1.31,-17.05,11.26,-8.65,-13.96,-3.09
19880116.00,198801,240.00,67.82,27.75,1.00,0.05,7.55,-13.58,16.06,-0.97,-16.62,3.04
19880215.00,198802,240.00,67.82,27.75,2.00,0.04,7.12,-13.82,14.90,-0.66,-15.95,2.12
19880316.00,198803,240.00,67.82,27.75,3.00,0.03,16.29,-8.73,22.87,9.71,-10.76,2.03
19880415.50,198804,240.00,67.82,27.75,4.00,0.03,21.05,-6.08,29.73,12.37,-4.01,-2.08
19880516.00,198805,240.00,67.82,27.75,5.00,0.05,38.63,3.68,47.52,29.74,3.57,0.11
19880615.50,198806,240.00,67.82,27.75,6.00,0.09,53.37,11.87,62.13,44.60,10.14,1.73
19880716.00,198807,240.00,67.82,27.75,7.00,0.11,59.73,15.40,68.52,50.94,12.92,2.48
19880816.00,198808,240.00,67.82,27.75,8.00,0.06,52.02,11.12,58.52,45.52,10.43,0.69
19880915.50,198809,240.00,67.82,27.75,9.00,0.06,44.32,6.84,50.50,38.13,5.17,1.68
19881016.00,198810,240.00,67.82,27.75,10.00,0.08,30.44,-0.87,35.87,25.00,-1.29,0.43
19881115.50,198811,240.00,67.82,27.75,11.00,0.04,8.78,-12.90,18.27,-0.70,-8.14,-4.76
19881216.00,198812,240.00,67.82,27.75,12.00,0.03,1.21,-17.11,11.32,-8.90,-13.96,-3.14
19890116.00,198901,240.00,67.82,27.75,1.00,0.05,13.05,-10.53,21.81,4.29,-16.62,6.09
19890214.50,198902,240.00,67.82,27.75,2.00,0.04,14.00,-10.00,22.25,5.75,-15.95,5.95
19890316.00,198903,240.00,67.82,27.75,3.00,0.05,25.58,-3.57,30.48,20.68,-10.76,7.19
19890415.50,198904,240.00,67.82,27.75,4.00,0.03,32.72,0.40,40.37,25.07,-4.01,4.41
19890516.00,198905,240.00,67.82,27.75,5.00,0.09,43.02,6.12,50.71,35.32,3.57,2.55
19890615.50,198906,240.00,67.82,27.75,6.00,0.07,53.85,12.14,63.07,44.63,10.14,2.00
19890716.00,198907,240.00,67.82,27.75,7.00,0.09,55.31,12.95,62.48,48.13,12.92,0.02
19890816.00,198908,240.00,67.82,27.75,8.00,0.07,52.29,11.27,60.16,44.42,10.43,0.84
19890915.50,198909,240.00,67.82,27.75,9.00,0.09,43.03,6.13,49.17,36.90,5.17,0.96
19891016.00,198910,240.00,67.82,27.75,10.00,0.04,29.40,-1.44,33.55,25.26,-1.29,-0.15
19891115.50,198911,240.00,67.82,27.75,11.00,0.06,23.20,-4.89,28.10,18.30,-8.14,3.25
19891216.00,198912,240.00,67.82,27.75,12.00,0.04,8.48,-13.06,17.06,-0.10,-13.96,0.90
19900116.00,199001,240.00,67.82,27.75,1.00,0.04,1.84,-16.76,9.81,-6.13,-16.62,-0.14
19900214.50,199002,240.00,67.82,27.75,2.00,0.08,24.70,-4.06,30.00,19.39,-15.95,11.89
19900316.00,199003,240.00,67.82,27.75,3.00,0.02,17.55,-8.03,27.45,7.65,-10.76,2.73
19900415.50,199004,240.00,67.82,27.75,4.00,0.02,30.32,-0.94,39.23,21.40,-4.01,3.07
19900516.00,199005,240.00,67.82,27.75,5.00,0.01,38.03,3.35,44.48,31.58,3.57,-0.22
19900615.50,199006,240.00,67.82,27.75,6.00,0.11,49.57,9.76,58.53,40.60,10.14,-0.38
19900716.00,199007,240.00,67.82,27.75,7.00,0.06,56.42,13.57,62.77,50.06,12.92,0.64
19900816.00,199008,240.00,67.82,27.75,8.00,0.09,52.40,11.34,60.00,44.81,10.43,0.90
19900915.50,199009,240.00,67.82,27.75,9.00,0.01,40.43,4.69,47.13,33.73,5.17,-0.48
19901016.00,199010,240.00,67.82,27.75,10.00,0.03,31.15,-0.47,35.74,26.55,-1.29,0.82
19901115.50,199011,240.00,67.82,27.75,11.00,0.03,12.85,-10.64,20.43,5.27,-8.14,-2.50
19901216.00,199012,240.00,67.82,27.75,12.00,0.06,18.48,-7.51,26.81,10.16,-13.96,6.45
19910116.00,199101,240.00,67.82,27.75,1.00,0.03,8.13,-13.26,16.97,-0.71,-16.62,3.36
19910214.50,199102,240.00,67.82,27.75,2.00,0.02,2.59,-16.34,11.75,-6.57,-15.95,-0.39
19910316.00,199103,240.00,67.82,27.75,3.00,0.09,12.23,-10.99,22.55,1.90,-10.76,-0.23
19910415.50,199104,240.00,67.82,27.75,4.00,0.03,28.05,-2.19,36.80,19.30,-4.01,1.81
19910516.00,199105,240.00,67.82,27.75,5.00,0.04,35.79,2.11,42.19,29.39,3.57,-1.47
19910615.50,199106,240.00,67.82,27.75,6.00,0.09,49.75,9.86,56.57,42.93,10.14,-0.28
19910716.00,199107,240.00,67.82,27.75,7.00,0.03,55.81,13.23,62.77,48.84,12.92,0.30
19910816.00,199108,240.00,67.82,27.75,8.00,0.05,53.35,11.86,60.71,46.00,10.43,1.43
19910915.50,199109,240.00,67.82,27.75,9.00,0.08,39.48,4.16,45.17,33.80,5.17,-1.01
19911016.00,199110,240.00,67.82,27.75,10.00,0.07,32.58,0.32,36.90,28.26,-1.29,1.62
19911115.50,199111,240.00,67.82,27.75,11.00,0.09,24.35,-4.25,28.63,20.07,-8.14,3.89
19911216.00,199112,240.00,67.82,27.75,12.00,0.05,13.74,-10.14,23.03,4.45,-13.96,3.82
19920116.00,199201,240.00,67.82,27.75,1.00,0.03,14.95,-9.47,24.32,5.58,-16.62,7.15
19920215.00,199202,240.00,67.82,27.75,2.00,0.05,17.03,-8.31,25.24,8.83,-15.95,7.63
19920316.00,199203,240.00,67.82,27.75,3.00,0.06,23.31,-4.83,29.65,16.97,-10.76,5.93
19920415.50,199204,240.00,67.82,27.75,4.00,0.03,21.70,-5.72,29.73,13.67,-4.01,-1.71
19920516.00,199205,240.00,67.82,27.75,5.00,0.05,42.45,5.81,50.68,34.23,3.57,2.23
19920615.50,199206,240.00,67.82,27.75,6.00,0.12,54.08,12.27,63.63,44.53,10.14,2.13
19920716.00,199207,240.00,67.82,27.75,7.00,0.13,52.27,11.26,58.77,45.77,12.92,-1.66
19920816.00,199208,240.00,67.82,27.75,8.00,0.15,48.27,9.04,53.74,42.81,10.43,-1.39
19920915.50,199209,240.00,67.82,27.75,9.00,0.10,46.52,8.06,50.83,42.20,5.17,2.90
19921016.00,199210,240.00,67.82,27.75,10.00,0.01,16.24,-8.75,24.32,8.16,-1.29,-7.46
19921115.50,199211,240.00,67.82,27.75,11.00,0.05,12.68,-10.73,19.70,5.67,-8.14,-2.59
19921216.00,199212,240.00,67.82,27.75,12.00,0.09,21.21,-5.99,28.19,14.23,-13.96,7.97
19930116.00,199301,240.00,67.82,27.75,1.00,0.05,12.66,-10.74,21.00,4.32,-16.62,5.88
19930214.50,199302,240.00,67.82,27.75,2.00,0.02,11.82,-11.21,20.75,2.89,-15.95,4.74
19930316.00,199303,240.00,67.82,27.75,3.00,0.06,16.34,-8.70,25.77,6.90,-10.76,2.06
19930415.50,199304,240.00,67.82,27.75,4.00,0.05,24.50,-4.17,33.30,15.70,-4.01,-0.16
19930516.00,199305,240.00,67.82,27.75,5.00,0.06,39.76,4.31,47.32,32.19,3.57,0.74
19930615.50,199306,240.00,67.82,27.75,6.00,0.09,44.75,7.08,50.70,38.80,10.14,-3.06
19930716.00,199307,240.00,67.82,27.75,7.00,0.06,56.82,13.79,65.35,48.29,12.92,0.87
19930816.00,199308,240.00,67.82,27.75,8.00,0.04,51.56,10.87,56.55,46.58,10.43,0.44
19930915.50,199309,240.00,67.82,27.75,9.00,0.02,35.82,2.12,42.60,29.03,5.17,-3.05
19931016.00,199310,240.00,67.82,27.75,10.00,0.06,23.65,-4.64,31.00,16.29,-1.29,-3.35
19931115.50,199311,240.00,67.82,27.75,11.00,0.01,21.27,-5.96,26.57,15.97,-8.14,2.18
19931216.00,199312,240.00,67.82,27.75,12.00,0.07,13.15,-10.47,18.06,8.23,-13.96,3.49
19940116.00,199401,240.00,67.82,27.75,1.00,0.06,3.47,-15.85,11.32,-4.39,-16.62,0.77
19940214.50,199402,240.00,67.82,27.75,2.00,0.02,6.95,-13.92,14.82,-0.93,-15.95,2.03
19940316.00,199403,240.00,67.82,27.75,3.00,0.03,17.84,-7.87,25.06,10.61,-10.76,2.89
19940415.50,199404,240.00,67.82,27.75,4.00,0.04,32.62,0.34,38.50,26.73,-4.01,4.35
19940516.00,199405,240.00,67.82,27.75,5.00,0.02,36.74,2.63,43.45,30.03,3.57,-0.94
19940615.50,199406,240.00,67.82,27.75,6.00,0.06,49.88,9.94,57.33,42.43,10.14,-0.20
19940716.00,199407,240.00,67.82,27.75,7.00,0.05,56.08,13.38,65.13,47.03,12.92,0.45
19940816.00,199408,240.00,67.82,27.75,8.00,0.05,52.52,11.40,62.06,42.97,10.43,0.97
19940915.50,199409,240.00,67.82,27.75,9.00,0.04,39.97,4.43,47.20,32.73,5.17,-0.74
19941016.00,199410,240.00,67.82,27.75,10.00,0.07,30.08,-1.07,35.19,24.97,-1.29,0.23
19941115.50,199411,240.00,67.82,27.75,11.00,0.05,15.97,-8.91,24.40,7.53,-8.14,-0.77
19941216.00,199412,240.00,67.82,27.75,12.00,0.07,19.89,-6.73,26.45,13.32,-13.96,7.23
19950116.00,199501,240.00,67.82,27.75,1.00,0.04,13.58,-10.23,20.90,6.26,-16.62,6.39
19950214.50,199502,240.00,67.82,27.75,2.00,0.07,15.43,-9.21,22.39,8.46,-15.95,6.74
19950316.00,199503,240.00,67.82,27.75,3.00,0.04,23.55,-4.70,28.90,18.19,-10.76,6.06
19950415.50,199504,240.00,67.82,27.75,4.00,0.03,26.30,-3.17,34.07,18.53,-4.01,0.84
19950516.00,199505,240.00,67.82,27.75,5.00,0.06,36.08,2.27,43.23,28.94,3.57,-1.31
19950615.50,199506,240.00,67.82,27.75,6.00,0.08,53.10,11.72,61.27,44.93,10.14,1.58
19950716.00,199507,240.00,67.82,27.75,7.00,0.07,52.45,11.36,60.32,44.58,12.92,-1.56
19950816.00,199508,240.00,67.82,27.75,8.00,0.12,51.45,10.81,58.19,44.71,10.43,0.37
19950915.50,199509,240.00,67.82,27.75,9.00,0.03,40.95,4.97,49.60,32.30,5.17,-0.19
19951016.00,199510,240.00,67.82,27.75,10.00,0.13,30.18,-1.01,36.10,24.26,-1.29,0.28
19951115.50,199511,240.00,67.82,27.75,11.00,0.10,7.87,-13.41,19.00,-3.27,-8.14,-5.27
19951216.00,199512,240.00,67.82,27.75,12.00,0.02,1.79,-16.78,10.16,-6.58,-13.96,-2.82
19960116.00,199601,240.00,67.82,27.75,1.00,0.02,14.48,-9.73,21.32,7.65,-16.62,6.89
19960215.00,199602,240.00,67.82,27.75,2.00,0.04,5.38,-14.79,13.41,-2.66,-15.95,1.16
19960316.00,199603,240.00,67.82,27.75,3.00,0.02,18.68,-7.40,28.16,9.19,-10.76,3.35
19960415.50,199604,240.00,67.82,27.75,4.00,0.07,24.07,-4.41,32.03,16.10,-4.01,-0.40
19960516.00,199605,240.00,67.82,27.75,5.00,0.05,31.61,-0.22,39.10,24.13,3.57,-3.79
19960615.50,199606,240.00,67.82,27.75,6.00,0.06,47.08,8.38,55.00,39.17,10.14,-1.76
19960716.00,199607,240.00,67.82,27.75,7.00,0.08,53.23,11.79,61.26,45.19,12.92,-1.13
19960816.00,199608,240.00,67.82,27.75,8.00,0.04,55.15,12.86,64.94,45.35,10.43,2.43
19960915.50,199609,240.00,67.82,27.75,9.00,0.02,40.47,4.70,46.93,34.00,5.17,-0.46
19961016.00,199610,240.00,67.82,27.75,10.00,0.10,33.55,0.86,37.81,29.29,-1.29,2.15
19961115.50,199611,240.00,67.82,27.75,11.00,0.09,22.30,-5.39,28.87,15.73,-8.14,2.75
19961216.00,199612,240.00,67.82,27.75,12.00,0.05,7.35,-13.69,17.19,-2.48,-13.96,0.27
19970116.00,199701,240.00,67.82,27.75,1.00,0.07,4.48,-15.29,16.06,-7.10,-16.62,1.33
19970214.50,199702,240.00,67.82,27.75,2.00,0.07,7.96,-13.35,15.96,-0.04,-15.95,2.59
19970316.00,199703,240.00,67.82,27.75,3.00,0.08,16.90,-8.39,25.77,8.03,-10.76,2.37
19970415.50,199704,240.00,67.82,27.75,4.00,0.03,18.58,-7.45,28.80,8.37,-4.01,-3.45
19970516.00,199705,240.00,67.82,27.75,5.00,0.05,36.15,2.30,42.65,29.65,3.57,-1.27
19970615.50,199706,240.00,67.82,27.75,6.00,0.03,52.57,11.43,62.87,42.27,10.14,1.29
19970716.00,199707,240.00,67.82,27.75,7.00,0.03,58.90,14.95,68.19,49.61,12.92,2.02
19970816.00,199708,240.00,67.82,27.75,8.00,0.04,54.52,12.51,64.52,44.52,10.43,2.08
19970915.50,199709,240.00,67.82,27.75,9.00,0.08,45.17,7.31,50.57,39.77,5.17,2.15
19971016.00,199710,240.00,67.82,27.75,10.00,0.03,28.44,-1.98,33.13,23.74,-1.29,-0.69
19971115.50,199711,240.00,67.82,27.75,11.00,0.04,18.07,-7.74,23.07,13.07,-8.14,0.40
19971216.00,199712,240.00,67.82,27.75,12.00,0.06,13.21,-10.44,20.19,6.23,-13.96,3.52
19980116.00,199801,240.00,67.82,27.75,1.00,0.09,7.97,-13.35,17.10,-1.16,-16.62,3.27
19980214.50,199802,240.00,67.82,27.75,2.00,0.11,-6.38,-21.32,4.04,-16.79,-15.95,-5.37
19980316.00,199803,240.00,67.82,27.75,3.00,0.03,10.35,-12.03,20.10,0.61,-10.76,-1.27
19980415.50,199804,240.00,67.82,27.75,4.00,0.03,21.03,-6.09,31.27,10.80,-4.01,-2.08
19980516.00,199805,240.00,67.82,27.75,5.00,0.07,36.76,2.64,43.06,30.45,3.57,-0.93
19980615.50,199806,240.00,67.82,27.75,6.00,0.15,47.80,8.78,55.37,40.23,10.14,-1.36
19980716.00,199807,240.00,67.82,27.75,7.00,0.10,59.26,15.14,67.00,51.52,12.92,2.22
19980816.00,199808,240.00,67.82,27.75,8.00,0.05,50.42,10.23,56.39,44.45,10.43,-0.20
19980915.50,199809,240.00,67.82,27.75,9.00,0.08,41.67,5.37,46.70,36.63,5.17,0.20
19981016.00,199810,240.00,67.82,27.75,10.00,0.12,31.53,-0.26,35.61,27.45,-1.29,1.03
19981115.50,199811,240.00,67.82,27.75,11.00,0.05,12.53,-10.81,19.13,5.93,-8.14,-2.67
19981216.00,199812,240.00,67.82,27.75,12.00,0.06,8.03,-13.32,16.26,-0.19,-13.96,0.65
19990116.00,199901,240.00,67.82,27.75,1.00,0.05,-0.77,-18.21,8.00,-9.55,-16.62,-1.59
19990214.50,199902,240.00,67.82,27.75,2.00,0.07,5.57,-14.68,13.07,-1.93,-15.95,1.26
19990316.00,199903,240.00,67.82,27.75,3.00,0.04,17.42,-8.10,24.94,9.90,-10.76,2.66
19990415.50,199904,240.00,67.82,27.75,4.00,0.02,28.70,-1.83,37.43,19.97,-4.01,2.17
19990516.00,199905,240.00,67.82,27.75,5.00,0.02,34.00,1.11,41.55,26.45,3.57,-2.46
19990615.50,199906,240.00,67.82,27.75,6.00,0.07,56.07,13.37,64.73,47.40,10.14,3.23
19990716.00,199907,240.00,67.82,27.75,7.00,0.09,57.87,14.37,65.23,50.52,12.92,1.45
19990816.00,199908,240.00,67.82,27.75,8.00,0.10,48.29,9.05,55.90,40.68,10.43,-1.38
19990915.50,199909,240.00,67.82,27.75,9.00,0.04,46.25,7.92,52.07,40.43,5.17,2.75
19991016.00,199910,240.00,67.82,27.75,10.00,0.10,34.60,1.44,38.42,30.77,-1.29,2.74
19991115.50,199911,240.00,67.82,27.75,11.00,0.10,23.90,-4.50,28.13,19.67,-8.14,3.64
19991216.00,199912,240.00,67.82,27.75,12.00,0.04,5.92,-14.49,14.39,-2.55,-13.96,-0.53
20000116.00,200001,240.00,67.82,27.75,1.00,0.07,8.97,-12.80,18.87,-0.94,-16.62,3.82
20000215.00,200002,240.00,67.82,27.75,2.00,0.06,11.38,-11.46,20.07,2.69,-15.95,4.49
20000316.00,200003,240.00,67.82,27.75,3.00,0.06,17.73,-7.93,25.87,9.58,-10.76,2.83
20000415.50,200004,240.00,67.82,27.75,4.00,0.11,28.83,-1.76,35.53,22.13,-4.01,2.25
20000516.00,200005,240.00,67.82,27.75,5.00,0.04,40.68,4.82,47.84,33.52,3.57,1.25
20000615.50,200006,240.00,67.82,27.75,6.00,0.14,51.15,10.64,58.30,44.00,10.14,0.50
20000716.00,200007,240.00,67.82,27.75,7.00,0.07,58.61,14.78,66.81,50.42,12.92,1.86
20000816.00,200008,240.00,67.82,27.75,8.00,0.03,52.40,11.34,59.97,44.84,10.43,0.90
20000915.50,200009,240.00,67.82,27.75,9.00,0.02,43.53,6.41,49.97,37.10,5.17,1.24
20001016.00,200010,240.00,67.82,27.75,10.00,0.07,39.24,4.02,42.87,35.61,-1.29,5.32
20001115.50,200011,240.00,67.82,27.75,11.00,0.06,26.87,-2.85,30.10,23.63,-8.14,5.29
20001216.00,200012,240.00,67.82,27.75,12.00,0.06,11.95,-11.14,18.65,5.26,-13.96,2.82
20010116.00,200101,240.00,67.82,27.75,1.00,0.03,18.19,-7.67,24.58,11.81,-16.62,8.95
20010214.50,200102,240.00,67.82,27.75,2.00,0.06,4.07,-15.52,13.61,-5.46,-15.95,0.43
20010316.00,200103,240.00,67.82,27.75,3.00,0.02,5.16,-14.91,17.52,-7.19,-10.76,-4.15
20010415.50,200104,240.00,67.82,27.75,4.00,0.09,25.65,-3.53,35.47,15.83,-4.01,0.48
20010516.00,200105,240.00,67.82,27.75,5.00,0.03,37.71,3.17,44.48,30.94,3.57,-0.40
20010615.50,200106,240.00,67.82,27.75,6.00,0.06,54.98,12.77,64.30,45.67,10.14,2.63
20010716.00,200107,240.00,67.82,27.75,7.00,0.19,57.45,14.14,65.10,49.81,12.92,1.22
20010816.00,200108,240.00,67.82,27.75,8.00,0.04,51.73,10.96,59.84,43.61,10.43,0.53
20010915.50,200109,240.00,67.82,27.75,9.00,0.07,46.17,7.87,52.33,40.00,5.17,2.70
20011016.00,200110,240.00,67.82,27.75,10.00,0.07,30.85,-0.64,35.13,26.58,-1.29,0.66
20011115.50,200111,240.00,67.82,27.75,11.00,0.05,16.35,-8.69,23.67,9.03,-8.14,-0.55
20011216.00,200112,240.00,67.82,27.75,12.00,0.02,6.23,-14.32,14.03,-1.58,-13.96,-0.36
20020116.00,200201,240.00,67.82,27.75,1.00,0.04,5.81,-14.55,14.71,-3.10,-16.62,2.07
20020214.50,200202,240.00,67.82,27.75,2.00,0.09,12.23,-10.98,20.61,3.86,-15.95,4.96
20020316.00,200203,240.00,67.82,27.75,3.00,0.04,15.26,-9.30,25.16,5.35,-10.76,1.46
20020415.50,200204,240.00,67.82,27.75,4.00,0.03,34.27,1.26,41.47,27.07,-4.01,5.27
20020516.00,200205,240.00,67.82,27.75,5.00,0.04,41.45,5.25,49.77,33.13,3.57,1.68
20020615.50,200206,240.00,67.82,27.75,6.00,0.10,54.08,12.27,64.20,43.97,10.14,2.13
20020716.00,200207,240.00,67.82,27.75,7.00,0.10,59.24,15.13,67.29,51.19,12.92,2.21
20020816.00,200208,240.00,67.82,27.75,8.00,0.08,53.31,11.84,61.90,44.71,10.43,1.41
20020915.50,200209,240.00,67.82,27.75,9.00,0.08,41.22,5.12,46.53,35.90,5.17,-0.05
20021016.00,200210,240.00,67.82,27.75,10.00,0.04,27.08,-2.73,31.10,23.06,-1.29,-1.44
20021115.50,200211,240.00,67.82,27.75,11.00,0.03,8.88,-12.84,15.77,2.00,-8.14,-4.70
20021216.00,200212,240.00,67.82,27.75,12.00,0.02,3.31,-15.94,11.26,-4.65,-13.96,-1.98
20030116.00,200301,240.00,67.82,27.75,1.00,0.06,-5.56,-20.87,4.23,-15.35,-16.62,-4.25
20030214.50,200302,240.00,67.82,27.75,2.00,0.03,17.61,-8.00,25.07,10.14,-15.95,7.95
20030316.00,200303,240.00,67.82,27.75,3.00,0.04,23.13,-4.93,30.52,15.74,-10.76,5.83
20030415.50,200304,240.00,67.82,27.75,4.00,0.04,26.40,-3.11,36.00,16.80,-4.01,0.90
20030516.00,200305,240.00,67.82,27.75,5.00,0.08,42.18,5.65,50.61,33.74,3.57,2.08
20030615.50,200306,240.00,67.82,27.75,6.00,0.02,47.95,8.86,56.87,39.03,10.14,-1.28
20030716.00,200307,240.00,67.82,27.75,7.00,0.09,62.76,17.09,72.55,52.97,12.92,4.16
20030816.00,200308,240.00,67.82,27.75,8.00,0.10,53.02,11.68,58.13,47.90,10.43,1.24
20030915.50,200309,240.00,67.82,27.75,9.00,0.09,42.52,5.84,49.90,35.13,5.17,0.68
20031016.00,200310,240.00,67.82,27.75,10.00,0.05,31.92,-0.04,35.87,27.97,-1.29,1.25
20031115.50,200311,240.00,67.82,27.75,11.00,0.04,23.68,-4.62,28.70,18.67,-8.14,3.52
20031216.00,200312,240.00,67.82,27.75,12.00,0.06,9.61,-12.44,19.55,-0.32,-13.96,1.52
20040116.00,200401,240.00,67.82,27.75,1.00,0.05,11.02,-11.66,16.32,5.71,-16.62,4.96
20040215.00,200402,240.00,67.82,27.75,2.00,0.07,8.29,-13.17,17.28,-0.69,-15.95,2.78
20040316.00,200403,240.00,67.82,27.75,3.00,0.03,18.95,-7.25,26.71,11.19,-10.76,3.51
20040415.50,200404,240.00,67.82,27.75,4.00,0.04,28.50,-1.94,39.03,17.97,-4.01,2.06
20040516.00,200405,240.00,67.82,27.75,5.00,0.08,39.26,4.03,46.84,31.68,3.57,0.46
20040615.50,200406,240.00,67.82,27.75,6.00,0.07,49.27,9.59,56.83,41.70,10.14,-0.55
20040716.00,200407,240.00,67.82,27.75,7.00,0.09,60.47,15.82,69.65,51.29,12.92,2.89
20040816.00,200408,240.00,67.82,27.75,8.00,0.17,52.77,11.54,59.77,45.77,10.43,1.11
20040915.50,200409,240.00,67.82,27.75,9.00,0.16,44.02,6.68,49.40,38.63,5.17,1.51
20041016.00,200410,240.00,67.82,27.75,10.00,0.05,31.40,-0.33,36.13,26.68,-1.29,0.96
20041115.50,200411,240.00,67.82,27.75,11.00,0.05,16.65,-8.53,22.97,10.33,-8.14,-0.39
20041216.00,200412,240.00,67.82,27.75,12.00,0.09,16.55,-8.58,24.32,8.77,-13.96,5.38
20050116.00,200501,240.00,67.82,27.75,1.00,0.08,15.90,-8.94,22.77,9.03,-16.62,7.68
20050214.50,200502,240.00,67.82,27.75,2.00,0.02,12.43,-10.87,19.61,5.25,-15.95,5.07
20050316.00,200503,240.00,67.82,27.75,3.00,0.02,10.29,-12.06,20.71,-0.13,-10.76,-1.30
20050415.50,200504,240.00,67.82,27.75,4.00,0.06,29.77,-1.24,37.37,22.17,-4.01,2.77
20050516.00,200505,240.00,67.82,27.75,5.00,0.11,37.92,3.29,45.26,30.58,3.57,-0.28
20050615.50,200506,240.00,67.82,27.75,6.00,0.04,53.35,11.86,62.13,44.57,10.14,1.72
20050716.00,200507,240.00,67.82,27.75,7.00,0.12,58.87,14.93,69.39,48.35,12.92,2.00
20050816.00,200508,240.00,67.82,27.75,8.00,0.07,55.05,12.80,62.61,47.48,10.43,2.37
20050915.50,200509,240.00,67.82,27.75,9.00,0.10,44.12,6.73,51.23,37.00,5.17,1.56
20051016.00,200510,240.00,67.82,27.75,10.00,0.07,36.23,2.35,41.48,30.97,-1.29,3.64
20051115.50,200511,240.00,67.82,27.75,11.00,0.10,29.68,-1.29,34.23,25.13,-8.14,6.85
20051216.00,200512,240.00,67.82,27.75,12.00,0.04,13.08,-10.51,19.13,7.03,-13.96,3.45
20060116.00,200601,240.00,67.82,27.75,1.00,0.04,10.76,-11.80,19.26,2.26,-16.62,4.82
20060214.50,200602,240.00,67.82,27.75,2.00,0.03,4.29,-15.40,12.82,-4.25,-15.95,0.55
20060316.00,200603,240.00,67.82,27.75,3.00,0.02,8.63,-12.98,19.23,-1.73,-10.76,-2.23
20060415.50,200604,240.00,67.82,27.75,4.00,0.04,32.95,0.53,40.37,25.53,-4.01,4.54
20060516.00,200605,240.00,67.82,27.75,5.00,0.05,41.53,5.30,50.71,32.35,3.57,1.72
20060615.50,200606,240.00,67.82,27.75,6.00,0.03,54.07,12.26,62.27,45.87,10.14,2.12
20060716.00,200607,240.00,67.82,27.75,7.00,0.07,55.94,13.30,64.68,47.19,12.92,0.37
20060816.00,200608,240.00,67.82,27.75,8.00,0.04,55.55,13.08,66.71,44.39,10.43,2.65
20060915.50,200609,240.00,67.82,27.75,9.00,0.09,43.55,6.42,49.47,37.63,5.17,1.25
20061016.00,200610,240.00,67.82,27.75,10.00,0.06,28.08,-2.18,33.45,22.71,-1.29,-0.88
20061115.50,200611,240.00,67.82,27.75,11.00,0.07,19.87,-6.74,24.70,15.03,-8.14,1.40
20061216.00,200612,240.00,67.82,27.75,12.00,0.08,21.23,-5.99,26.87,15.58,-13.96,7.98
20070116.00,200701,240.00,67.82,27.75,1.00,0.06,7.23,-13.76,16.26,-1.81,-16.62,2.86
20070214.50,200702,240.00,67.82,27.75,2.00,0.05,-3.54,-19.74,4.75,-11.82,-15.95,-3.80
20070316.00,200703,240.00,67.82,27.75,3.00,0.04,25.74,-3.48,34.29,17.19,-10.76,7.28
20070415.50,200704,240.00,67.82,27.75,4.00,0.05,27.75,-2.36,37.13,18.37,-4.01,1.65
20070516.00,200705,240.00,67.82,27.75,5.00,0.08,38.90,3.84,46.48,31.32,3.57,0.26
20070615.50,200706,240.00,67.82,27.75,6.00,0.08,50.65,10.36,59.33,41.97,10.14,0.22
20070716.00,200707,240.00,67.82,27.75,7.00,0.13,55.68,13.15,62.90,48.45,12.92,0.23
20070816.00,200708,240.00,67.82,27.75,8.00,0.08,54.06,12.26,62.16,45.97,10.43,1.83
20070915.50,200709,240.00,67.82,27.75,9.00,0.08,41.40,5.22,48.33,34.47,5.17,0.06
20071016.00,200710,240.00,67.82,27.75,10.00,0.06,37.81,3.23,41.71,33.90,-1.29,4.52
20071115.50,200711,240.00,67.82,27.75,11.00,0.07,19.75,-6.81,26.30,13.20,-8.14,1.34
20071216.00,200712,240.00,67.82,27.75,12.00,0.06,23.79,-4.56,30.52,17.06,-13.96,9.40
20080116.00,200801,240.00,67.82,27.75,1.00,0.08,15.00,-9.44,21.10,8.90,-16.62,7.18
20080215.00,200802,240.00,67.82,27.75,2.00,0.03,11.90,-11.17,20.86,2.93,-15.95,4.78
20080316.00,200803,240.00,67.82,27.75,3.00,0.05,13.71,-10.16,22.81,4.61,-10.76,0.59
20080415.50,200804,240.00,67.82,27.75,4.00,0.04,26.43,-3.09,34.63,18.23,-4.01,0.92
20080516.00,200805,240.00,67.82,27.75,5.00,0.05,36.58,2.54,44.16,29.00,3.57,-1.03
20080615.50,200806,240.00,67.82,27.75,6.00,0.11,49.47,9.70,58.23,40.70,10.14,-0.44
20080716.00,200807,240.00,67.82,27.75,7.00,0.06,54.71,12.62,62.06,47.35,12.92,-0.31
20080816.00,200808,240.00,67.82,27.75,8.00,0.09,48.73,9.29,55.39,42.06,10.43,-1.14
20080915.50,200809,240.00,67.82,27.75,9.00,0.04,40.47,4.70,46.57,34.37,5.17,-0.46
20081016.00,200810,240.00,67.82,27.75,10.00,0.08,33.39,0.77,37.61,29.16,-1.29,2.06
20081115.50,200811,240.00,67.82,27.75,11.00,0.09,18.97,-7.24,26.77,11.17,-8.14,0.90
20081216.00,200812,240.00,67.82,27.75,12.00,0.05,22.47,-5.30,28.23,16.71,-13.96,8.67
20090116.00,200901,240.00,67.82,27.75,1.00,0.03,8.85,-12.86,17.74,-0.03,-16.62,3.76
20090214.50,200902,240.00,67.82,27.75,2.00,0.04,8.29,-13.17,14.89,1.68,-15.95,2.77
20090316.00,200903,240.00,67.82,27.75,3.00,0.02,16.21,-8.77,25.29,7.13,-10.76,1.98
20090415.50,200904,240.00,67.82,27.75,4.00,0.03,25.15,-3.81,35.33,14.97,-4.01,0.20
20090516.00,200905,240.00,67.82,27.75,5.00,0.06,43.26,6.25,52.00,34.52,3.57,2.68
20090615.50,200906,240.00,67.82,27.75,6.00,0.05,50.07,10.04,58.07,42.07,10.14,-0.10
20090716.00,200907,240.00,67.82,27.75,7.00,0.06,54.77,12.65,63.03,46.52,12.92,-0.27
20090816.00,200908,240.00,67.82,27.75,8.00,0.10,55.19,12.89,65.06,45.32,10.43,2.45
20090915.50,200909,240.00,67.82,27.75,9.00,0.11,46.12,7.84,52.77,39.47,5.17,2.68
20091016.00,200910,240.00,67.82,27.75,10.00,0.04,26.18,-3.23,31.87,20.48,-1.29,-1.94
20091115.50,200911,240.00,67.82,27.75,11.00,0.09,26.57,-3.02,29.83,23.30,-8.14,5.12
20091216.00,200912,240.00,67.82,27.75,12.00,0.03,9.63,-12.43,18.48,0.77,-13.96,1.53
20100116.00,201001,240.00,67.82,27.75,1.00,0.02,4.44,-15.31,11.16,-2.29,-16.62,1.31
20100214.50,201002,240.00,67.82,27.75,2.00,0.04,0.57,-17.46,9.21,-8.07,-15.95,-1.51
20100316.00,201003,240.00,67.82,27.75,3.00,0.05,9.08,-12.73,21.35,-3.19,-10.76,-1.98
20100415.50,201004,240.00,67.82,27.75,4.00,0.03,32.23,0.13,39.10,25.37,-4.01,4.14
20100516.00,201005,240.00,67.82,27.75,5.00,0.07,43.50,6.39,52.65,34.35,3.57,2.82
20100615.50,201006,240.00,67.82,27.75,6.00,0.06,49.00,9.44,57.33,40.67,10.14,-0.69
20100716.00,201007,240.00,67.82,27.75,7.00,0.14,59.47,15.26,68.32,50.61,12.92,2.34
20100816.00,201008,240.00,67.82,27.75,8.00,0.09,51.40,10.78,58.55,44.26,10.43,0.35
20100915.50,201009,240.00,67.82,27.75,9.00,0.04,43.70,6.50,50.67,36.73,5.17,1.33
20101016.00,201010,240.00,67.82,27.75,10.00,0.09,34.50,1.39,38.42,30.58,-1.29,2.68
20101115.50,201011,240.00,67.82,27.75,11.00,0.02,9.90,-12.28,17.97,1.83,-8.14,-4.14
20101216.00,201012,240.00,67.82,27.75,12.00,0.01,4.97,-15.02,13.65,-3.71,-13.96,-1.06
20110116.00,201101,240.00,67.82,27.75,1.00,0.03,6.23,-14.32,13.77,-1.32,-16.62,2.30
20110214.50,201102,240.00,67.82,27.75,2.00,0.02,-4.11,-20.06,4.25,-12.46,-15.95,-4.11
20110316.00,201103,240.00,67.82,27.75,3.00,0.03,17.48,-8.06,28.55,6.42,-10.76,2.69
20110415.50,201104,240.00,67.82,27.75,4.00,0.03,34.42,1.34,41.53,27.30,-4.01,5.35
20110516.00,201105,240.00,67.82,27.75,5.00,0.07,41.79,5.44,50.23,33.35,3.57,1.87
20110615.50,201106,240.00,67.82,27.75,6.00,0.06,55.70,13.17,65.03,46.37,10.14,3.03
20110716.00,201107,240.00,67.82,27.75,7.00,0.16,59.98,15.55,69.32,50.65,12.92,2.62
20110816.00,201108,240.00,67.82,27.75,8.00,0.08,51.69,10.94,60.68,42.71,10.43,0.51
20110915.50,201109,240.00,67.82,27.75,9.00,0.05,47.13,8.41,52.93,41.33,5.17,3.24
20111016.00,201110,240.00,67.82,27.75,10.00,0.10,36.53,2.52,40.52,32.55,-1.29,3.81
20111115.50,201111,240.00,67.82,27.75,11.00,0.07,26.88,-2.84,32.83,20.93,-8.14,5.30
20111216.00,201112,240.00,67.82,27.75,12.00,0.06,23.00,-5.00,28.03,17.97,-13.96,8.96
20120116.00,201201,240.00,67.82,27.75,1.00,0.02,7.84,-13.42,15.00,0.68,-16.62,3.20
20120215.00,201202,240.00,67.82,27.75,2.00,0.03,2.45,-16.42,11.69,-6.79,-15.95,-0.47
20120316.00,201203,240.00,67.82,27.75,3.00,0.04,18.40,-7.55,29.19,7.61,-10.76,3.20
20120415.50,201204,240.00,67.82,27.75,4.00,0.06,24.62,-4.10,34.70,14.53,-4.01,-0.09
20120516.00,201205,240.00,67.82,27.75,5.00,0.04,40.08,4.49,48.23,31.94,3.57,0.92
20120615.50,201206,240.00,67.82,27.75,6.00,0.12,49.93,9.96,57.37,42.50,10.14,-0.18
20120716.00,201207,240.00,67.82,27.75,7.00,0.06,54.47,12.48,63.26,45.68,12.92,-0.44
20120816.00,201208,240.00,67.82,27.75,8.00,0.03,51.23,10.68,61.68,40.77,10.43,0.25
20120915.50,201209,240.00,67.82,27.75,9.00,0.12,42.93,6.07,49.53,36.33,5.17,0.91
20121016.00,201210,240.00,67.82,27.75,10.00,0.06,31.23,-0.43,35.32,27.13,-1.29,0.86
20121115.50,201211,240.00,67.82,27.75,11.00,0.07,22.58,-5.23,28.77,16.40,-8.14,2.91
20121216.00,201212,240.00,67.82,27.75,12.00,0.03,4.89,-15.06,11.94,-2.16,-13.96,-1.10
20130116.00,201301,240.00,67.82,27.75,1.00,0.04,12.19,-11.00,19.68,4.71,-16.62,5.62
20130214.50,201302,240.00,67.82,27.75,2.00,0.02,12.96,-10.58,20.04,5.89,-15.95,5.37
20130316.00,201303,240.00,67.82,27.75,3.00,0.01,3.11,-16.05,18.35,-12.13,-10.76,-5.29
20130415.50,201304,240.00,67.82,27.75,4.00,0.05,27.32,-2.60,36.80,17.83,-4.01,1.41
20130516.00,201305,240.00,67.82,27.75,5.00,0.03,45.30,7.39,55.73,34.87,3.57,3.82
20130615.50,201306,240.00,67.82,27.75,6.00,0.06,56.12,13.40,65.23,47.00,10.14,3.26
20130716.00,201307,240.00,67.82,27.75,7.00,0.08,56.77,13.76,65.29,48.26,12.92,0.84
20130816.00,201308,240.00,67.82,27.75,8.00,0.04,54.84,12.69,65.42,44.26,10.43,2.26
20130915.50,201309,240.00,67.82,27.75,9.00,0.04,46.77,8.20,54.60,38.93,5.17,3.04
20131016.00,201310,240.00,67.82,27.75,10.00,0.07,31.89,-0.06,36.71,27.06,-1.29,1.23
20131115.50,201311,240.00,67.82,27.75,11.00,0.05,19.07,-7.19,26.73,11.40,-8.14,0.96
20131216.00,201312,240.00,67.82,27.75,12.00,0.06,14.45,-9.75,22.94,5.97,-13.96,4.21
20140116.00,201401,240.00,67.82,27.75,1.00,0.03,4.66,-15.19,12.19,-2.87,-16.62,1.43
20140214.50,201402,240.00,67.82,27.75,2.00,0.03,22.52,-5.27,27.04,18.00,-15.95,10.68
20140316.00,201403,240.00,67.82,27.75,3.00,0.03,22.15,-5.47,30.74,13.55,-10.76,5.28
20140415.50,201404,240.00,67.82,27.75,4.00,0.04,28.35,-2.03,36.17,20.53,-4.01,1.98
20140516.00,201405,240.00,67.82,27.75,5.00,0.07,37.11,2.84,46.94,27.29,3.57,-0.73
20140615.50,201406,240.00,67.82,27.75,6.00,0.08,49.33,9.63,57.60,41.07,10.14,-0.51
20140716.00,201407,240.00,67.82,27.75,7.00,0.07,61.40,16.34,71.97,50.84,12.92,3.41
20140816.00,201408,240.00,67.82,27.75,8.00,0.08,55.29,12.94,63.03,47.55,10.43,2.51
20140915.50,201409,240.00,67.82,27.75,9.00,0.07,44.35,6.86,51.67,37.03,5.17,1.69
20141016.00,201410,240.00,67.82,27.75,10.00,0.03,28.63,-1.87,34.13,23.13,-1.29,-0.58
20141115.50,201411,240.00,67.82,27.75,11.00,0.04,19.00,-7.22,25.23,12.77,-8.14,0.92
20141216.00,201412,240.00,67.82,27.75,12.00,0.07,14.74,-9.59,20.23,9.26,-13.96,4.37
20150116.00,201501,240.00,67.82,27.75,1.00,0.05,5.34,-14.81,13.68,-3.00,-16.62,1.81
20150214.50,201502,240.00,67.82,27.75,2.00,0.02,17.50,-8.06,24.79,10.21,-15.95,7.89
20150316.00,201503,240.00,67.82,27.75,3.00,0.05,24.77,-4.01,32.84,16.71,-10.76,6.74
20150415.50,201504,240.00,67.82,27.75,4.00,0.02,30.92,-0.60,38.50,23.33,-4.01,3.41
20150516.00,201505,240.00,67.82,27.75,5.00,0.11,41.94,5.52,49.26,34.61,3.57,1.95
20150615.50,201506,240.00,67.82,27.75,6.00,0.07,49.15,9.53,56.20,42.10,10.14,-0.61
20150716.00,201507,240.00,67.82,27.75,7.00,0.09,51.61,10.90,58.35,44.87,12.92,-2.03
20150816.00,201508,240.00,67.82,27.75,8.00,0.04,53.97,12.20,63.00,44.94,10.43,1.77
20150915.50,201509,240.00,67.82,27.75,9.00,0.10,47.52,8.62,54.90,40.13,5.17,3.45
20151016.00,201510,240.00,67.82,27.75,10.00,0.04,32.26,0.14,37.97,26.55,-1.29,1.44
20151115.50,201511,240.00,67.82,27.75,11.00,0.06,25.63,-3.54,30.33,20.93,-8.14,4.60
20151216.00,201512,240.00,67.82,27.75,12.00,0.06,12.98,-10.56,22.48,3.48,-13.96,3.40
20160116.00,201601,240.00,67.82,27.75,1.00,0.03,-0.13,-17.85,9.29,-9.55,-16.62,-1.23
20160215.00,201602,240.00,67.82,27.75,2.00,0.07,18.41,-7.55,24.76,12.07,-15.95,8.40
20160316.00,201603,240.00,67.82,27.75,3.00,0.01,22.68,-5.18,30.16,15.19,-10.76,5.58
20160415.50,201604,240.00,67.82,27.75,4.00,0.03,32.50,0.28,39.43,25.57,-4.01,4.29
20160516.00,201605,240.00,67.82,27.75,5.00,0.05,44.81,7.11,55.32,34.29,3.57,3.54
20160615.50,201606,240.00,67.82,27.75,6.00,0.10,51.92,11.06,60.63,43.20,10.14,0.93
20160716.00,201607,240.00,67.82,27.75,7.00,0.10,60.42,15.79,69.39,51.45,12.92,2.87
20160816.00,201608,240.00,67.82,27.75,8.00,0.11,52.39,11.33,60.61,44.16,10.43,0.89
20160915.50,201609,240.00,67.82,27.75,9.00,0.11,46.03,7.80,52.13,39.93,5.17,2.63
20161016.00,201610,240.00,67.82,27.75,10.00,0.02,34.05,1.14,38.16,29.94,-1.29,2.43
20161115.50,201611,240.00,67.82,27.75,11.00,0.06,19.67,-6.85,25.43,13.90,-8.14,1.29
20161216.00,201612,240.00,67.82,27.75,12.00,0.05,13.34,-10.37,22.94,3.74,-13.96,3.59
20170116.00,201701,240.00,67.82,27.75,1.00,0.05,10.56,-11.91,21.10,0.03,-16.62,4.71
20170214.50,201702,240.00,67.82,27.75,2.00,0.04,11.09,-11.62,20.68,1.50,-15.95,4.33
20170316.00,201703,240.00,67.82,27.75,3.00,0.03,17.20,-8.22,28.16,6.37,-10.76,2.53
20170415.50,201704,240.00,67.82,27.75,4.00,0.03,23.62,-4.66,33.40,13.83,-4.01,-0.65
20170516.00,201705,240.00,67.82,27.75,5.00,0.01,33.63,0.91,40.26,27.00,3.57,-2.67
20170615.50,201706,240.00,67.82,27.75,6.00,0.06,46.00,7.78,53.47,38.53,10.14,-2.36
20170716.00,201707,240.00,67.82,27.75,7.00,0.10,57.21,14.01,66.97,47.45,12.92,1.08
20170816.00,201708,240.00,67.82,27.75,8.00,0.07,51.53,10.85,58.58,44.48,10.43,0.42
