DATE,DATE_yrmo,ELEVATION,LATITUDE,LONGITUDE,Month,PRCP,TAVG,TMAX,TMIN,TAVG_CELS,TAVG_CELS_28yrs,temp_anomalies
19520114.17,195201,51.00,60.33,24.96,1,0.17,29.48,33.26,27.55,-1.40,-5.84,4.44
19520215.60,195202,51.00,60.33,24.96,2,0.09,24.80,29.14,17.76,-4.00,-7.06,3.06
19520315.08,195203,51.00,60.33,24.96,3,0.13,13.81,26.05,-0.62,-10.11,-3.87,-6.24
19520415.46,195204,51.00,60.33,24.96,4,0.10,39.61,49.92,29.88,4.23,2.37,1.86
19520516.44,195205,51.00,60.33,24.96,5,0.19,44.67,53.30,33.92,7.04,9.48,-2.44
19520616.15,195206,51.00,60.33,24.96,6,0.23,56.50,64.43,45.17,13.61,14.66,-1.05
19520715.50,195207,51.00,60.33,24.96,7,0.20,61.21,69.78,51.70,16.23,16.52,-0.29
19520816.00,195208,51.00,60.33,24.96,8,0.28,57.48,65.85,47.75,14.16,15.05,-0.89
19520915.92,195209,51.00,60.33,24.96,9,0.30,47.23,53.68,40.00,8.46,9.93,-1.47
19521016.39,195210,51.00,60.33,24.96,10,0.25,35.89,39.88,32.26,2.16,4.95,-2.79
19521115.39,195211,51.00,60.33,24.96,11,0.21,27.71,31.04,24.68,-2.38,0.25,-2.62
19521214.72,195212,51.00,60.33,24.96,12,0.13,26.76,30.28,21.88,-2.91,-4.17,1.26
19530116.32,195301,51.00,60.33,24.96,1,0.14,22.29,26.30,14.73,-5.40,-5.84,0.44
19530214.52,195302,51.00,60.33,24.96,2,0.09,16.41,23.29,10.56,-8.66,-7.06,-1.60
19530314.78,195303,51.00,60.33,24.96,3,0.14,31.13,39.26,23.06,-0.48,-3.87,3.39
19530415.11,195304,51.00,60.33,24.96,4,0.12,39.96,49.77,29.65,4.42,2.37,2.05
19530516.00,195305,51.00,60.33,24.96,5,0.16,48.68,58.20,37.93,9.27,9.48,-0.21
19530615.89,195306,51.00,60.33,24.96,6,0.22,62.67,72.79,52.50,17.04,14.66,2.38
19530717.00,195307,51.00,60.33,24.96,7,0.34,62.72,70.91,53.24,17.07,16.52,0.55
19530816.41,195308,51.00,60.33,24.96,8,0.26,59.21,67.00,52.30,15.11,15.05,0.06
19530915.15,195309,51.00,60.33,24.96,9,0.22,49.37,57.58,42.85,9.65,9.93,-0.28
19531016.21,195310,51.00,60.33,24.96,10,0.10,45.00,49.59,39.91,7.22,4.95,2.27
19531116.07,195311,51.00,60.33,24.96,11,0.16,34.54,38.54,29.77,1.41,0.25,1.16
19531216.00,195312,51.00,60.33,24.96,12,0.07,29.68,32.87,26.33,-1.29,-4.17,2.88
19540115.54,195401,51.00,60.33,24.96,1,0.10,19.27,23.82,12.07,-7.07,-5.84,-1.23
19540214.12,195402,51.00,60.33,24.96,2,0.05,11.25,17.00,2.83,-11.53,-7.06,-4.47
19540316.36,195403,51.00,60.33,24.96,3,0.11,29.71,33.75,25.22,-1.27,-3.87,2.60
19540415.17,195404,51.00,60.33,24.96,4,0.13,34.54,41.18,27.71,1.41,2.37,-0.96
19540516.34,195405,51.00,60.33,24.96,5,0.04,52.62,61.64,43.00,11.46,9.48,1.98
19540616.42,195406,51.00,60.33,24.96,6,0.20,57.04,65.33,48.76,13.91,14.66,-0.75
19540716.46,195407,51.00,60.33,24.96,7,0.29,62.46,70.57,54.57,16.92,16.52,0.40
19540815.69,195408,51.00,60.33,24.96,8,0.43,59.28,67.19,51.71,15.15,15.05,0.10
19540913.92,195409,51.00,60.33,24.96,9,0.35,52.35,59.69,45.25,11.30,9.93,1.37
19541015.18,195410,51.00,60.33,24.96,10,0.17,41.27,46.57,35.44,5.15,4.95,0.20
19541116.08,195411,51.00,60.33,24.96,11,0.20,32.12,35.11,26.59,0.07,0.25,-0.18
19541215.71,195412,51.00,60.33,24.96,12,0.28,31.86,35.26,30.40,-0.08,-4.17,4.09
19550115.04,195501,51.00,60.33,24.96,1,0.17,22.15,27.90,14.53,-5.47,-5.84,0.37
19550214.54,195502,51.00,60.33,24.96,2,0.08,17.12,21.86,11.05,-8.26,-7.06,-1.20
19550316.10,195503,51.00,60.33,24.96,3,0.07,21.67,28.86,12.52,-5.74,-3.87,-1.87
19550416.52,195504,51.00,60.33,24.96,4,0.13,30.13,37.39,22.39,-1.04,2.37,-3.41
19550516.14,195505,51.00,60.33,24.96,5,0.21,42.97,50.10,35.86,6.09,9.48,-3.39
19550616.88,195506,51.00,60.33,24.96,6,0.18,54.42,63.08,44.32,12.46,14.66,-2.20
19550715.80,195507,51.00,60.33,24.96,7,0.22,64.28,73.33,54.48,17.93,16.52,1.41
19550816.70,195508,51.00,60.33,24.96,8,0.24,64.26,75.07,51.67,17.92,15.05,2.87
19550916.58,195509,51.00,60.33,24.96,9,0.23,55.54,61.92,50.00,13.08,9.93,3.15
19551015.89,195510,51.00,60.33,24.96,10,0.15,42.56,47.00,33.84,5.86,4.95,0.91
19551115.46,195511,51.00,60.33,24.96,11,0.40,29.96,34.40,23.20,-1.13,0.25,-1.38
19551214.86,195512,51.00,60.33,24.96,12,0.16,12.04,18.48,5.79,-11.09,-4.17,-6.92
19560115.88,195601,51.00,60.33,24.96,1,0.13,17.36,22.58,7.87,-8.13,-5.84,-2.29
19560216.05,195602,51.00,60.33,24.96,2,0.07,5.81,14.28,-5.87,-14.55,-7.06,-7.49
19560315.97,195603,51.00,60.33,24.96,3,0.06,24.10,34.26,13.18,-4.39,-3.87,-0.52
19560415.57,195604,51.00,60.33,24.96,4,0.24,31.32,38.56,22.92,-0.38,2.37,-2.75
19560515.57,195605,51.00,60.33,24.96,5,0.11,47.57,57.77,36.57,8.65,9.48,-0.83
19560615.61,195606,51.00,60.33,24.96,6,0.08,60.30,69.09,49.95,15.72,14.66,1.06
19560716.25,195607,51.00,60.33,24.96,7,0.49,59.75,67.46,50.79,15.42,16.52,-1.10
19560817.11,195608,51.00,60.33,24.96,8,0.47,54.75,62.59,47.46,12.64,15.05,-2.41
19560915.71,195609,51.00,60.33,24.96,9,0.17,47.21,56.36,39.52,8.45,9.93,-1.48
19561016.00,195610,51.00,60.33,24.96,10,0.12,40.03,45.33,33.04,4.46,4.95,-0.49
19561115.17,195611,51.00,60.33,24.96,11,0.15,23.78,26.53,17.41,-4.57,0.25,-4.82
19561217.00,195612,51.00,60.33,24.96,12,0.11,27.59,31.71,25.53,-2.45,-4.17,1.72
19570115.79,195701,51.00,60.33,24.96,1,0.21,27.61,31.36,22.86,-2.44,-5.84,3.40
19570214.86,195702,51.00,60.33,24.96,2,0.13,25.67,29.16,20.89,-3.52,-7.06,3.54
19570315.64,195703,51.00,60.33,24.96,3,0.15,18.88,26.27,12.77,-7.29,-3.87,-3.42
19570415.10,195704,51.00,60.33,24.96,4,0.06,34.95,43.45,26.50,1.64,2.37,-0.73
19570515.58,195705,51.00,60.33,24.96,5,0.08,46.89,55.11,38.68,8.27,9.48,-1.21
19570615.72,195706,51.00,60.33,24.96,6,0.30,54.33,62.56,45.00,12.41,14.66,-2.25
19570715.67,195707,51.00,60.33,24.96,7,0.32,64.10,72.58,54.97,17.83,16.52,1.31
19570816.00,195708,51.00,60.33,24.96,8,0.42,59.65,67.60,51.83,15.36,15.05,0.31
19570915.50,195709,51.00,60.33,24.96,9,0.21,48.87,54.76,43.78,9.37,9.93,-0.56
19571016.34,195710,51.00,60.33,24.96,10,0.28,42.17,46.74,36.92,5.65,4.95,0.70
19571116.00,195711,51.00,60.33,24.96,11,0.10,33.48,37.29,28.95,0.82,0.25,0.57
19571216.00,195712,51.00,60.33,24.96,12,0.20,28.35,31.95,22.92,-2.03,-4.17,2.14
19580116.00,195801,51.00,60.33,24.96,1,0.09,17.03,20.62,11.92,-8.32,-5.84,-2.48
19580214.50,195802,51.00,60.33,24.96,2,0.06,14.96,18.92,9.26,-9.46,-7.06,-2.40
19580316.00,195803,51.00,60.33,24.96,3,0.11,18.35,28.40,8.07,-7.58,-3.87,-3.71
19580415.50,195804,51.00,60.33,24.96,4,0.18,33.83,41.97,24.96,1.02,2.37,-1.35
19580516.00,195805,51.00,60.33,24.96,5,0.24,46.81,54.79,38.03,8.23,9.48,-1.25
19580615.50,195806,51.00,60.33,24.96,6,0.11,56.10,64.30,45.90,13.39,14.66,-1.27
19580716.00,195807,51.00,60.33,24.96,7,0.28,59.61,67.45,50.72,15.34,16.52,-1.18
19580816.00,195808,51.00,60.33,24.96,8,0.36,58.13,66.00,49.84,14.52,15.05,-0.53
19580915.50,195809,51.00,60.33,24.96,9,0.12,50.73,59.96,41.62,10.41,9.93,0.48
19581016.00,195810,51.00,60.33,24.96,10,0.20,43.00,47.93,38.39,6.11,4.95,1.16
19581115.50,195811,51.00,60.33,24.96,11,0.21,37.73,41.81,32.86,3.19,0.25,2.94
19581216.00,195812,51.00,60.33,24.96,12,0.11,20.10,26.82,15.12,-6.61,-4.17,-2.44
19590116.00,195901,51.00,60.33,24.96,1,0.13,22.73,28.26,16.68,-5.15,-5.84,0.69
19590214.50,195902,51.00,60.33,24.96,2,0.04,27.75,33.18,21.25,-2.36,-7.06,4.70
19590316.00,195903,51.00,60.33,24.96,3,0.04,32.58,40.53,25.60,0.32,-3.87,4.19
19590415.50,195904,51.00,60.33,24.96,4,0.04,38.97,47.37,30.17,3.87,2.37,1.50
19590516.00,195905,51.00,60.33,24.96,5,0.03,49.45,58.45,39.35,9.70,9.48,0.22
19590615.50,195906,51.00,60.33,24.96,6,0.05,59.13,69.00,48.20,15.07,14.66,0.41
19590716.00,195907,51.00,60.33,24.96,7,0.06,64.10,74.29,52.13,17.83,16.52,1.31
19590816.00,195908,51.00,60.33,24.96,8,0.04,62.54,72.52,52.10,16.97,15.05,1.92
19590915.50,195909,51.00,60.33,24.96,9,0.01,47.86,56.20,39.20,8.81,9.93,-1.12
19591016.00,195910,51.00,60.33,24.96,10,0.05,40.58,47.23,33.13,4.77,4.95,-0.18
19591115.50,195911,51.00,60.33,24.96,11,0.08,34.53,37.27,30.97,1.41,0.25,1.16
19591216.00,195912,51.00,60.33,24.96,12,0.07,22.73,25.87,18.10,-5.15,-4.17,-0.98
19600116.00,196001,51.00,60.33,24.96,1,0.05,13.59,20.06,7.84,-10.23,-5.84,-4.39
19600215.00,196002,51.00,60.33,24.96,2,0.04,15.93,22.38,7.31,-8.93,-7.06,-1.87
19600316.00,196003,51.00,60.33,24.96,3,0.01,23.74,31.55,15.71,-4.59,-3.87,-0.72
19600415.50,196004,51.00,60.33,24.96,4,0.06,35.33,44.83,25.83,1.85,2.37,-0.52
19600516.00,196005,51.00,60.33,24.96,5,0.02,51.77,61.10,39.10,10.98,9.48,1.50
19600615.50,196006,51.00,60.33,24.96,6,0.11,61.30,70.60,51.77,16.28,14.66,1.62
19600716.00,196007,51.00,60.33,24.96,7,0.16,64.52,71.42,55.87,18.07,16.52,1.55
19600816.00,196008,51.00,60.33,24.96,8,0.15,59.19,67.23,51.29,15.11,15.05,0.06
19600915.50,196009,51.00,60.33,24.96,9,0.07,50.20,57.50,43.13,10.11,9.93,0.18
19601016.00,196010,51.00,60.33,24.96,10,0.03,37.90,42.81,32.39,3.28,4.95,-1.67
19601115.50,196011,51.00,60.33,24.96,11,0.15,30.77,34.47,27.00,-0.69,0.25,-0.93
19601216.00,196012,51.00,60.33,24.96,12,0.09,31.42,34.29,28.52,-0.32,-4.17,3.85
19610116.00,196101,51.00,60.33,24.96,1,0.08,25.43,30.19,19.32,-3.65,-5.84,2.19
19610214.50,196102,51.00,60.33,24.96,2,0.04,31.36,35.93,26.36,-0.36,-7.06,6.70
19610316.00,196103,51.00,60.33,24.96,3,0.05,32.65,38.55,27.00,0.36,-3.87,4.23
19610415.50,196104,51.00,60.33,24.96,4,0.04,36.73,45.43,26.13,2.63,2.37,0.26
19610516.00,196105,51.00,60.33,24.96,5,0.06,49.81,58.19,39.90,9.89,9.48,0.41
19610615.50,196106,51.00,60.33,24.96,6,0.11,62.60,71.40,52.20,17.00,14.66,2.34
19610716.00,196107,51.00,60.33,24.96,7,0.11,60.55,68.84,51.42,15.86,16.52,-0.66
19610816.00,196108,51.00,60.33,24.96,8,0.12,57.52,65.13,49.52,14.18,15.05,-0.87
19610915.50,196109,51.00,60.33,24.96,9,0.03,49.50,57.33,41.33,9.72,9.93,-0.21
19611016.00,196110,51.00,60.33,24.96,10,0.07,47.58,52.10,41.81,8.66,4.95,3.71
19611115.50,196111,51.00,60.33,24.96,11,0.11,35.10,39.50,30.77,1.72,0.25,1.47
19611216.00,196112,51.00,60.33,24.96,12,0.08,22.87,27.97,17.13,-5.07,-4.17,-0.90
19620116.00,196201,51.00,60.33,24.96,1,0.10,25.42,29.77,19.35,-3.66,-5.84,2.18
19620214.50,196202,51.00,60.33,24.96,2,0.09,22.64,27.43,16.21,-5.20,-7.06,1.86
19620316.00,196203,51.00,60.33,24.96,3,0.04,18.52,27.58,8.45,-7.49,-3.87,-3.62
19620415.50,196204,51.00,60.33,24.96,4,0.09,38.80,46.07,32.00,3.78,2.37,1.41
19620516.00,196205,51.00,60.33,24.96,5,0.06,47.45,55.71,38.61,8.58,9.48,-0.90
19620615.50,196206,51.00,60.33,24.96,6,0.08,53.67,63.37,42.73,12.04,14.66,-2.62
19620716.00,196207,51.00,60.33,24.96,7,0.11,58.32,66.65,50.16,14.62,16.52,-1.90
19620816.00,196208,51.00,60.33,24.96,8,0.16,55.45,62.55,48.48,13.03,15.05,-2.02
19620915.50,196209,51.00,60.33,24.96,9,0.18,48.87,54.77,42.57,9.37,9.93,-0.56
19621016.00,196210,51.00,60.33,24.96,10,0.06,44.23,49.84,38.65,6.79,4.95,1.84
19621115.50,196211,51.00,60.33,24.96,11,0.14,34.70,38.23,31.37,1.50,0.25,1.25
19621216.00,196212,51.00,60.33,24.96,12,0.07,19.74,24.68,14.19,-6.81,-4.17,-2.64
19630116.00,196301,51.00,60.33,24.96,1,0.05,14.19,20.68,6.87,-9.89,-5.84,-4.05
19630214.50,196302,51.00,60.33,24.96,2,0.02,12.50,19.75,4.50,-10.83,-7.06,-3.77
19630316.00,196303,51.00,60.33,24.96,3,0.02,16.29,26.26,5.65,-8.73,-3.87,-4.86
19630415.50,196304,51.00,60.33,24.96,4,0.01,37.07,45.83,28.53,2.81,2.37,0.44
19630516.00,196305,51.00,60.33,24.96,5,0.02,55.77,65.74,43.48,13.21,9.48,3.73
19630615.50,196306,51.00,60.33,24.96,6,0.06,58.69,67.10,47.07,14.83,14.66,0.17
19630716.00,196307,51.00,60.33,24.96,7,0.05,62.39,70.45,53.23,16.88,16.52,0.36
19630816.00,196308,51.00,60.33,24.96,8,0.13,61.42,68.94,53.39,16.34,15.05,1.29
19630915.50,196309,51.00,60.33,24.96,9,0.08,54.73,61.97,47.00,12.63,9.93,2.70
19631016.00,196310,51.00,60.33,24.96,10,0.16,42.84,48.00,35.94,6.02,4.95,1.07
19631115.50,196311,51.00,60.33,24.96,11,0.10,31.67,35.57,26.83,-0.19,0.25,-0.44
19631216.00,196312,51.00,60.33,24.96,12,0.02,24.55,30.10,18.10,-4.14,-4.17,0.03
19640116.00,196401,51.00,60.33,24.96,1,0.03,,31.13,21.65,,-5.84,
19640215.00,196402,51.00,60.33,24.96,2,0.04,,21.34,8.24,,-7.06,
19640316.00,196403,51.00,60.33,24.96,3,0.00,,32.87,13.97,,-3.87,
19640415.50,196404,51.00,60.33,24.96,4,0.04,,45.23,30.43,,2.37,
19640516.00,196405,51.00,60.33,24.96,5,0.04,,58.81,38.74,,9.48,
19640615.50,196406,51.00,60.33,24.96,6,0.03,,67.93,47.70,,14.66,
19640716.00,196407,51.00,60.33,24.96,7,0.06,,70.23,51.61,,16.52,
19640816.00,196408,51.00,60.33,24.96,8,0.07,,65.35,50.94,,15.05,
19640915.50,196409,51.00,60.33,24.96,9,0.04,,57.73,42.23,,9.93,
19641016.00,196410,51.00,60.33,24.96,10,0.08,,50.68,38.71,,4.95,
19641115.50,196411,51.00,60.33,24.96,11,0.09,,35.70,25.80,,0.25,
19641216.00,196412,51.00,60.33,24.96,12,0.10,,31.77,22.87,,-4.17,
19650116.00,196501,51.00,60.33,24.96,1,0.07,,29.77,21.35,,-5.84,
19650214.50,196502,51.00,60.33,24.96,2,0.02,,23.71,11.07,,-7.06,
19650316.00,196503,51.00,60.33,24.96,3,0.04,,31.35,18.58,,-3.87,
19650415.50,196504,51.00,60.33,24.96,4,0.03,,45.50,30.50,,2.37,
19650516.00,196505,51.00,60.33,24.96,5,0.02,,53.23,33.61,,9.48,
19650615.50,196506,51.00,60.33,24.96,6,0.06,,67.87,49.43,,14.66,
19650716.00,196507,51.00,60.33,24.96,7,0.11,,66.00,48.71,,16.52,
19650816.00,196508,51.00,60.33,24.96,8,0.10,,64.77,50.58,,15.05,
19650915.50,196509,51.00,60.33,24.96,9,0.10,,59.97,48.50,,9.93,
19651016.00,196510,51.00,60.33,24.96,10,0.06,,48.16,35.87,,4.95,
19651115.50,196511,51.00,60.33,24.96,11,0.09,,28.97,19.33,,0.25,
19651216.00,196512,51.00,60.33,24.96,12,0.15,,28.55,21.58,,-4.17,
19660116.00,196601,51.00,60.33,24.96,1,0.04,,14.35,-0.77,,-5.84,
19660214.50,196602,51.00,60.33,24.96,2,0.04,,13.43,2.07,,-7.06,
19660316.00,196603,51.00,60.33,24.96,3,0.05,,32.06,22.52,,-3.87,
19660415.50,196604,51.00,60.33,24.96,4,0.07,,37.47,26.23,,2.37,
19660516.00,196605,51.00,60.33,24.96,5,0.02,,58.61,39.19,,9.48,
19660615.50,196606,51.00,60.33,24.96,6,0.03,,72.67,51.23,,14.66,
19660716.00,196607,51.00,60.33,24.96,7,0.08,,73.23,54.97,,16.52,
19660816.00,196608,51.00,60.33,24.96,8,0.06,,66.42,50.03,,15.05,
19660915.50,196609,51.00,60.33,24.96,9,0.10,,54.43,41.97,,9.93,
19661016.00,196610,51.00,60.33,24.96,10,0.07,,46.06,35.68,,4.95,
19661115.50,196611,51.00,60.33,24.96,11,0.10,,38.47,31.87,,0.25,
19661216.00,196612,51.00,60.33,24.96,12,0.12,,27.29,20.77,,-4.17,
19670116.00,196701,51.00,60.33,24.96,1,0.04,,18.65,3.94,,-5.84,
19670214.50,196702,51.00,60.33,24.96,2,0.07,,26.39,16.86,,-7.06,
19670316.00,196703,51.00,60.33,24.96,3,0.07,,36.97,28.84,,-3.87,
19670415.50,196704,51.00,60.33,24.96,4,0.05,,45.97,30.67,,2.37,
19670516.00,196705,51.00,60.33,24.96,5,0.07,,57.61,41.68,,9.48,
19670615.50,196706,51.00,60.33,24.96,6,0.03,,65.40,47.93,,14.66,
19670716.00,196707,51.00,60.33,24.96,7,0.05,,71.81,51.68,,16.52,
19670816.00,196708,51.00,60.33,24.96,8,0.16,,68.71,53.84,,15.05,
19670915.50,196709,51.00,60.33,24.96,9,0.10,,61.93,47.20,,9.93,
19671016.00,196710,51.00,60.33,24.96,10,0.19,,51.35,42.23,,4.95,
19671115.50,196711,51.00,60.33,24.96,11,0.07,,41.60,33.90,,0.25,
19671216.00,196712,51.00,60.33,24.96,12,0.07,,20.23,7.00,,-4.17,
19680116.00,196801,51.00,60.33,24.96,1,0.04,,11.35,-1.19,,-5.84,
19680215.00,196802,51.00,60.33,24.96,2,0.05,,27.59,16.31,,-7.06,
19680316.00,196803,51.00,60.33,24.96,3,0.04,,36.23,24.32,,-3.87,
19680415.50,196804,51.00,60.33,24.96,4,0.06,,47.33,31.80,,2.37,
19680516.00,196805,51.00,60.33,24.96,5,0.10,,54.26,37.94,,9.48,
19680615.50,196806,51.00,60.33,24.96,6,0.10,,71.50,52.20,,14.66,
19680716.00,196807,51.00,60.33,24.96,7,0.10,,67.87,51.19,,16.52,
19680816.00,196808,51.00,60.33,24.96,8,0.07,,69.87,53.87,,15.05,
19680915.50,196809,51.00,60.33,24.96,9,0.07,,58.07,45.30,,9.93,
19681016.00,196810,51.00,60.33,24.96,10,0.11,,41.87,31.68,,4.95,
19681115.50,196811,51.00,60.33,24.96,11,0.05,,32.90,26.30,,0.25,
19681216.00,196812,51.00,60.33,24.96,12,0.03,,31.71,24.90,,-4.17,
19690116.00,196901,51.00,60.33,24.96,1,0.05,,20.32,8.71,,-5.84,
19690214.50,196902,51.00,60.33,24.96,2,0.06,,20.57,8.64,,-7.06,
19690316.00,196903,51.00,60.33,24.96,3,0.01,,30.55,10.39,,-3.87,
19690415.50,196904,51.00,60.33,24.96,4,0.06,,46.00,31.07,,2.37,
19690516.00,196905,51.00,60.33,24.96,5,0.04,,57.13,39.10,,9.48,
19690615.50,196906,51.00,60.33,24.96,6,0.02,,70.53,50.10,,14.66,
19690716.00,196907,51.00,60.33,24.96,7,0.08,,71.77,52.97,,16.52,
19690816.00,196908,51.00,60.33,24.96,8,0.03,,71.94,51.55,,15.05,
19690915.50,196909,51.00,60.33,24.96,9,0.12,,56.50,43.73,,9.93,
19691016.00,196910,51.00,60.33,24.96,10,0.05,,46.77,36.39,,4.95,
19691115.50,196911,51.00,60.33,24.96,11,0.18,,35.70,27.40,,0.25,
19691216.00,196912,51.00,60.33,24.96,12,0.04,,23.81,14.61,,-4.17,
19700116.00,197001,51.00,60.33,24.96,1,0.05,,18.97,7.68,,-5.84,
19700214.50,197002,51.00,60.33,24.96,2,0.04,,17.36,1.96,,-7.06,
19700316.00,197003,51.00,60.33,24.96,3,0.08,,32.42,22.55,,-3.87,
19700415.50,197004,51.00,60.33,24.96,4,0.10,,40.13,29.77,,2.37,
19700516.00,197005,51.00,60.33,24.96,5,0.03,,59.81,39.55,,9.48,
19700615.50,197006,51.00,60.33,24.96,6,0.01,,72.47,51.30,,14.66,
19700716.00,197007,51.00,60.33,24.96,7,0.17,,69.61,54.61,,16.52,
19700816.00,197008,51.00,60.33,24.96,8,0.03,,68.90,51.94,,15.05,
19700915.50,197009,51.00,60.33,24.96,9,0.10,,56.37,43.80,,9.93,
19701016.00,197010,51.00,60.33,24.96,10,0.13,,44.39,34.39,,4.95,
19701115.50,197011,51.00,60.33,24.96,11,0.09,,34.60,26.00,,0.25,
19701216.00,197012,51.00,60.33,24.96,12,0.09,,31.68,22.74,,-4.17,
19710116.00,197101,51.00,60.33,24.96,1,0.06,,32.16,22.65,,-5.84,
19710214.50,197102,51.00,60.33,24.96,2,0.05,,25.75,15.21,,-7.06,
19710316.00,197103,51.00,60.33,24.96,3,0.04,,28.61,16.71,,-3.87,
19710415.50,197104,51.00,60.33,24.96,4,0.02,,42.93,28.53,,2.37,
19710516.00,197105,51.00,60.33,24.96,5,0.01,,61.03,40.45,,9.48,
19710615.50,197106,51.00,60.33,24.96,6,0.02,,67.47,47.07,,14.66,
19710716.00,197107,51.00,60.33,24.96,7,0.03,,71.39,52.94,,16.52,
19710816.00,197108,51.00,60.33,24.96,8,0.10,,69.23,52.13,,15.05,
19710915.50,197109,51.00,60.33,24.96,9,0.08,,56.37,40.33,,9.93,
19711016.00,197110,51.00,60.33,24.96,10,0.06,,46.13,33.71,,4.95,
19711115.50,197111,51.00,60.33,24.96,11,0.04,,34.67,23.03,,0.25,
19711216.00,197112,51.00,60.33,24.96,12,0.05,,32.94,21.61,,-4.17,
19720116.00,197201,51.00,60.33,24.96,1,0.01,,21.39,10.39,,-5.84,
19720215.00,197202,51.00,60.33,24.96,2,0.03,,28.45,18.66,,-7.06,
19720316.00,197203,51.00,60.33,24.96,3,0.02,,33.90,19.52,,-3.87,
19720415.50,197204,51.00,60.33,24.96,4,0.08,,41.53,30.70,,2.37,
19720516.00,197205,51.00,60.33,24.96,5,0.03,,57.55,39.65,,9.48,
19720615.50,197206,51.00,60.33,24.96,6,0.05,,70.93,51.47,,14.66,
19720716.00,197207,51.00,60.33,24.96,7,0.11,,75.97,58.42,,16.52,
19720816.00,197208,51.00,60.33,24.96,8,0.24,,68.94,54.81,,15.05,
19720915.50,197209,51.00,60.33,24.96,9,0.03,,57.90,43.43,,9.93,
19721016.00,197210,51.00,60.33,24.96,10,0.04,,45.16,35.16,,4.95,
19721115.50,197211,51.00,60.33,24.96,11,0.08,,36.57,29.50,,0.25,
19721216.00,197212,51.00,60.33,24.96,12,0.05,,38.32,31.55,,-4.17,
19730116.00,197301,51.00,60.33,24.96,1,0.02,28.45,31.97,24.90,-1.97,-5.84,3.87
19730214.50,197302,51.00,60.33,24.96,2,0.03,23.75,29.71,17.50,-4.58,-7.06,2.48
19730316.00,197303,51.00,60.33,24.96,3,0.03,29.81,36.74,23.23,-1.22,-3.87,2.65
19730415.50,197304,51.00,60.33,24.96,4,0.08,36.80,43.67,31.07,2.67,2.37,0.30
19730516.00,197305,51.00,60.33,24.96,5,0.05,50.29,59.06,41.10,10.16,9.48,0.68
19730615.50,197306,51.00,60.33,24.96,6,0.05,62.13,72.07,51.13,16.74,14.66,2.08
19730716.00,197307,51.00,60.33,24.96,7,0.02,67.52,77.29,56.45,19.73,16.52,3.21
19730816.00,197308,51.00,60.33,24.96,8,0.04,58.84,68.52,48.74,14.91,15.05,-0.14
19730915.50,197309,51.00,60.33,24.96,9,0.14,44.43,50.83,38.40,6.91,9.93,-3.02
19731016.00,197310,51.00,60.33,24.96,10,0.09,36.03,42.48,29.81,2.24,4.95,-2.71
19731115.50,197311,51.00,60.33,24.96,11,0.05,26.53,31.67,19.60,-3.04,0.25,-3.29
19731216.00,197312,51.00,60.33,24.96,12,0.04,20.19,25.84,13.29,-6.56,-4.17,-2.39
19740116.00,197401,51.00,60.33,24.96,1,0.04,26.74,30.26,22.52,-2.92,-5.84,2.92
19740214.50,197402,51.00,60.33,24.96,2,0.06,31.07,33.36,28.68,-0.52,-7.06,6.54
19740316.00,197403,51.00,60.33,24.96,3,0.02,29.90,37.16,22.65,-1.16,-3.87,2.71
19740415.50,197404,51.00,60.33,24.96,4,0.01,36.80,46.30,27.20,2.67,2.37,0.30
19740516.00,197405,51.00,60.33,24.96,5,0.05,44.84,53.48,35.58,7.13,9.48,-2.35
19740615.50,197406,51.00,60.33,24.96,6,0.06,57.83,66.63,48.10,14.35,14.66,-0.31
19740716.00,197407,51.00,60.33,24.96,7,0.08,60.26,67.13,53.35,15.70,16.52,-0.82
19740816.00,197408,51.00,60.33,24.96,8,0.09,58.42,66.74,50.87,14.68,15.05,-0.37
19740915.50,197409,51.00,60.33,24.96,9,0.16,54.00,60.80,47.13,12.22,9.93,2.29
19741016.00,197410,51.00,60.33,24.96,10,0.20,42.23,45.94,38.52,5.68,4.95,0.73
19741115.50,197411,51.00,60.33,24.96,11,0.12,35.97,38.67,32.87,2.20,0.25,1.96
19741216.00,197412,51.00,60.33,24.96,12,0.16,33.32,36.39,29.52,0.73,-4.17,4.90
19750116.00,197501,51.00,60.33,24.96,1,0.05,29.52,33.97,24.45,-1.38,-5.84,4.46
19750214.50,197502,51.00,60.33,24.96,2,0.01,26.68,33.00,19.96,-2.96,-7.06,4.10
19750316.00,197503,51.00,60.33,24.96,3,0.04,31.35,37.77,25.97,-0.36,-3.87,3.51
19750415.50,197504,51.00,60.33,24.96,4,0.08,38.00,45.40,31.17,3.33,2.37,0.96
19750516.00,197505,51.00,60.33,24.96,5,0.05,53.40,62.74,42.55,11.89,9.48,2.41
19750615.50,197506,51.00,60.33,24.96,6,0.02,56.60,65.63,46.00,13.67,14.66,-0.99
19750716.00,197507,51.00,60.33,24.96,7,0.10,63.87,74.29,52.55,17.71,16.52,1.19
19750816.00,197508,51.00,60.33,24.96,8,0.06,61.45,70.71,51.58,16.36,15.05,1.31
19750915.50,197509,51.00,60.33,24.96,9,0.07,55.17,62.47,47.73,12.87,9.93,2.94
19751016.00,197510,51.00,60.33,24.96,10,0.03,40.68,47.29,34.39,4.82,4.95,-0.13
19751115.50,197511,51.00,60.33,24.96,11,0.05,34.10,38.30,28.40,1.17,0.25,0.92
19751216.00,197512,51.00,60.33,24.96,12,0.05,28.65,34.48,21.23,-1.86,-4.17,2.31
19760116.00,197601,51.00,60.33,24.96,1,0.03,14.10,19.77,6.16,-9.95,-5.84,-4.11
19760215.00,197602,51.00,60.33,24.96,2,0.01,19.21,25.14,11.66,-7.11,-7.06,-0.05
19760316.00,197603,51.00,60.33,24.96,3,0.04,23.32,28.87,16.06,-4.82,-3.87,-0.95
19760415.50,197604,51.00,60.33,24.96,4,0.03,35.80,43.17,27.77,2.11,2.37,-0.26
19760516.00,197605,51.00,60.33,24.96,5,0.03,52.16,62.74,39.84,11.20,9.48,1.72
19760615.50,197606,51.00,60.33,24.96,6,0.05,55.20,63.80,46.70,12.89,14.66,-1.77
19760716.00,197607,51.00,60.33,24.96,7,0.06,60.32,68.39,50.90,15.73,16.52,-0.79
19760816.00,197608,51.00,60.33,24.96,8,0.06,59.65,69.35,48.81,15.36,15.05,0.31
19760915.50,197609,51.00,60.33,24.96,9,0.08,46.73,54.93,38.60,8.19,9.93,-1.74
19761016.00,197610,51.00,60.33,24.96,10,0.04,35.06,40.45,28.58,1.70,4.95,-3.25
19761115.50,197611,51.00,60.33,24.96,11,0.05,33.33,35.87,29.67,0.74,0.25,0.49
19761216.00,197612,51.00,60.33,24.96,12,0.06,24.23,28.03,18.74,-4.32,-4.17,-0.15
19770116.00,197701,51.00,60.33,24.96,1,0.04,20.39,24.16,14.65,-6.45,-5.84,-0.61
19770214.50,197702,51.00,60.33,24.96,2,0.05,15.96,20.93,10.36,-8.91,-7.06,-1.85
19770316.00,197703,51.00,60.33,24.96,3,0.03,28.10,33.61,22.06,-2.17,-3.87,1.70
19770415.50,197704,51.00,60.33,24.96,4,0.13,35.17,40.67,29.80,1.76,2.37,-0.61
19770516.00,197705,51.00,60.33,24.96,5,0.03,49.16,57.97,40.48,9.53,9.48,0.05
19770615.50,197706,51.00,60.33,24.96,6,0.05,57.80,66.47,47.67,14.33,14.66,-0.33
19770716.00,197707,51.00,60.33,24.96,7,0.20,58.74,65.55,50.90,14.86,16.52,-1.66
19770816.00,197708,51.00,60.33,24.96,8,0.04,58.45,66.00,50.35,14.70,15.05,-0.35
19770915.50,197709,51.00,60.33,24.96,9,0.09,47.03,53.83,39.30,8.35,9.93,-1.58
19771016.00,197710,51.00,60.33,24.96,10,0.11,41.65,45.45,36.42,5.36,4.95,0.41
19771115.50,197711,51.00,60.33,24.96,11,0.17,35.13,38.53,30.10,1.74,0.25,1.49
19771216.00,197712,51.00,60.33,24.96,12,0.03,25.16,30.06,19.06,-3.80,-4.17,0.37
19780116.00,197801,51.00,60.33,24.96,1,0.02,21.55,26.81,14.52,-5.81,-5.84,0.03
19780214.50,197802,51.00,60.33,24.96,2,0.01,11.50,17.64,3.89,-11.39,-7.06,-4.33
19780316.00,197803,51.00,60.33,24.96,3,0.05,27.29,31.10,22.23,-2.62,-3.87,1.25
19780415.50,197804,51.00,60.33,24.96,4,0.03,35.90,42.50,28.80,2.17,2.37,-0.20
19780516.00,197805,51.00,60.33,24.96,5,0.00,51.19,60.61,38.68,10.66,9.48,1.18
19780615.50,197806,51.00,60.33,24.96,6,0.06,58.40,68.20,47.13,14.67,14.66,0.01
19780716.00,197807,51.00,60.33,24.96,7,0.08,59.23,67.97,50.03,15.13,16.52,-1.39
19780816.00,197808,51.00,60.33,24.96,8,0.15,56.39,64.03,49.10,13.55,15.05,-1.50
19780915.50,197809,51.00,60.33,24.96,9,0.11,47.10,53.23,42.07,8.39,9.93,-1.54
19781016.00,197810,51.00,60.33,24.96,10,0.02,39.13,45.77,30.97,3.96,4.95,-0.99
19781115.50,197811,51.00,60.33,24.96,11,0.06,35.60,41.00,29.23,2.00,0.25,1.75
19781216.00,197812,51.00,60.33,24.96,12,0.01,9.03,15.58,1.81,-12.76,-4.17,-8.59
19790116.00,197901,51.00,60.33,24.96,1,0.05,16.42,22.32,8.68,-8.66,-5.84,-2.82
19790214.50,197902,51.00,60.33,24.96,2,0.02,14.21,22.00,5.79,-9.88,-7.06,-2.82
19790316.00,197903,51.00,60.33,24.96,3,0.04,28.42,32.97,24.42,-1.99,-3.87,1.88
19790415.50,197904,51.00,60.33,24.96,4,0.04,35.03,42.93,27.97,1.69,2.37,-0.68
19790516.00,197905,51.00,60.33,24.96,5,0.04,51.00,61.52,40.74,10.56,9.48,1.08
19790615.50,197906,51.00,60.33,24.96,6,0.06,60.83,70.97,49.33,16.02,14.66,1.36
19790716.00,197907,51.00,60.33,24.96,7,0.14,58.71,65.23,51.45,14.84,16.52,-1.68
19790816.00,197908,51.00,60.33,24.96,8,0.08,60.97,68.32,53.06,16.09,15.05,1.04
19790915.50,197909,51.00,60.33,24.96,9,0.09,49.23,57.03,41.00,9.57,9.93,-0.36
19791016.00,197910,51.00,60.33,24.96,10,0.02,39.03,44.55,33.90,3.91,4.95,-1.04
19791115.50,197911,51.00,60.33,24.96,11,0.13,34.50,38.17,30.80,1.39,0.25,1.14
19791216.00,197912,51.00,60.33,24.96,12,0.04,25.13,29.00,19.71,-3.82,-4.17,0.35
19800116.00,198001,51.00,60.33,24.96,1,0.02,16.10,22.16,9.39,-8.84,-5.84,-3.00
19800215.00,198002,51.00,60.33,24.96,2,0.01,17.10,22.38,10.45,-8.28,-7.06,-1.22
19800316.00,198003,51.00,60.33,24.96,3,0.02,20.90,29.23,11.87,-6.16,-3.87,-2.29
19800415.50,198004,51.00,60.33,24.96,4,0.03,40.60,49.43,34.13,4.78,2.37,2.41
19800516.00,198005,51.00,60.33,24.96,5,0.08,44.87,53.52,37.03,7.15,9.48,-2.33
19800615.50,198006,51.00,60.33,24.96,6,0.03,62.27,71.60,52.43,16.81,14.66,2.15
19800716.00,198007,51.00,60.33,24.96,7,0.06,62.10,71.19,52.52,16.72,16.52,0.20
19800816.00,198008,51.00,60.33,24.96,8,0.13,58.61,66.94,51.55,14.78,15.05,-0.27
19800915.50,198009,51.00,60.33,24.96,9,0.08,51.47,58.63,45.33,10.81,9.93,0.88
19801016.00,198010,51.00,60.33,24.96,10,0.17,41.42,45.68,38.06,5.23,4.95,0.28
19801115.50,198011,51.00,60.33,24.96,11,0.09,27.57,33.07,21.50,-2.46,0.25,-2.71
19801216.00,198012,51.00,60.33,24.96,12,0.11,26.65,31.10,20.00,-2.97,-4.17,1.20
19810116.00,198101,51.00,60.33,24.96,1,0.05,24.61,29.23,18.68,-4.10,-5.84,1.74
19810214.50,198102,51.00,60.33,24.96,2,0.02,21.07,26.39,14.64,-6.07,-7.06,0.99
19810316.00,198103,51.00,60.33,24.96,3,0.05,21.58,28.94,12.90,-5.79,-3.87,-1.92
19810415.50,198104,51.00,60.33,24.96,4,0.01,35.03,43.57,27.57,1.69,2.37,-0.68
19810516.00,198105,51.00,60.33,24.96,5,0.04,51.94,63.13,40.16,11.08,9.48,1.60
19810615.50,198106,51.00,60.33,24.96,6,0.16,55.27,64.00,47.73,12.93,14.66,-1.73
19810716.00,198107,51.00,60.33,24.96,7,0.10,61.81,69.65,55.00,16.56,16.52,0.04
19810816.00,198108,51.00,60.33,24.96,8,0.13,57.06,64.29,51.68,13.92,15.05,-1.13
19810915.50,198109,51.00,60.33,24.96,9,0.06,50.50,57.17,43.70,10.28,9.93,0.35
19811016.00,198110,51.00,60.33,24.96,10,0.17,42.90,48.19,38.35,6.06,4.95,1.11
19811115.50,198111,51.00,60.33,24.96,11,0.15,31.97,35.63,27.37,-0.02,0.25,-0.27
19811216.00,198112,51.00,60.33,24.96,12,0.10,21.06,26.06,14.97,-6.08,-4.17,-1.91
19820116.00,198201,51.00,60.33,24.96,1,0.05,13.35,19.90,6.06,-10.36,-5.84,-4.52
19820214.50,198202,51.00,60.33,24.96,2,0.01,21.71,27.68,15.64,-5.71,-7.06,1.35
19820316.00,198203,51.00,60.33,24.96,3,0.04,31.35,37.00,25.71,-0.36,-3.87,3.51
19820415.50,198204,51.00,60.33,24.96,4,0.08,36.83,43.93,30.80,2.69,2.37,0.32
19820516.00,198205,51.00,60.33,24.96,5,0.04,48.52,58.26,39.19,9.18,9.48,-0.30
19820615.50,198206,51.00,60.33,24.96,6,0.08,52.80,61.33,43.87,11.56,14.66,-3.10
19820716.00,198207,51.00,60.33,24.96,7,0.05,62.68,72.06,52.77,17.04,16.52,0.52
19820816.00,198208,51.00,60.33,24.96,8,0.12,60.19,69.03,52.26,15.66,15.05,0.61
19820915.50,198209,51.00,60.33,24.96,9,0.04,50.40,58.30,42.83,10.22,9.93,0.29
19821016.00,198210,51.00,60.33,24.96,10,0.06,40.87,46.61,35.16,4.93,4.95,-0.02
19821115.50,198211,51.00,60.33,24.96,11,0.18,38.40,42.27,33.43,3.56,0.25,3.31
19821216.00,198212,51.00,60.33,24.96,12,0.11,31.68,35.10,27.03,-0.18,-4.17,3.99
19830116.00,198301,51.00,60.33,24.96,1,0.10,29.19,33.35,24.00,-1.56,-5.84,4.28
19830214.50,198302,51.00,60.33,24.96,2,0.00,17.50,25.54,9.50,-8.06,-7.06,-1.00
19830316.00,198303,51.00,60.33,24.96,3,0.04,27.23,33.32,20.84,-2.65,-3.87,1.22
19830415.50,198304,51.00,60.33,24.96,4,0.03,41.37,49.63,34.20,5.20,2.37,2.83
19830516.00,198305,51.00,60.33,24.96,5,0.05,52.77,61.42,44.45,11.54,9.48,2.06
19830615.50,198306,51.00,60.33,24.96,6,0.08,56.37,65.77,47.03,13.54,14.66,-1.12
19830716.00,198307,51.00,60.33,24.96,7,0.03,64.03,73.45,54.23,17.80,16.52,1.28
19830816.00,198308,51.00,60.33,24.96,8,0.07,60.19,70.10,50.65,15.66,15.05,0.61
19830915.50,198309,51.00,60.33,24.96,9,0.13,52.50,59.43,46.40,11.39,9.93,1.46
19831016.00,198310,51.00,60.33,24.96,10,0.13,42.52,47.77,36.52,5.84,4.95,0.89
19831115.50,198311,51.00,60.33,24.96,11,0.05,29.07,34.60,23.57,-1.63,0.25,-1.88
19831216.00,198312,51.00,60.33,24.96,12,0.10,27.26,31.61,22.00,-2.63,-4.17,1.54
19840116.00,198401,51.00,60.33,24.96,1,0.13,24.10,28.19,18.06,-4.39,-5.84,1.45
19840215.00,198402,51.00,60.33,24.96,2,0.05,21.76,27.48,16.34,-5.69,-7.06,1.37
19840316.00,198403,51.00,60.33,24.96,3,0.05,24.48,31.81,16.32,-4.18,-3.87,-0.31
19840415.50,198404,51.00,60.33,24.96,4,0.02,40.43,49.70,32.17,4.69,2.37,2.32
19840516.00,198405,51.00,60.33,24.96,5,0.04,54.97,65.13,44.23,12.76,9.48,3.28
19840615.50,198406,51.00,60.33,24.96,6,0.08,57.10,65.60,48.57,13.94,14.66,-0.72
19840716.00,198407,51.00,60.33,24.96,7,0.14,59.29,67.77,51.71,15.16,16.52,-1.36
19840816.00,198408,51.00,60.33,24.96,8,0.05,58.84,67.39,50.71,14.91,15.05,-0.14
19840915.50,198409,51.00,60.33,24.96,9,0.15,49.73,55.37,44.97,9.85,9.93,-0.08
19841016.00,198410,51.00,60.33,24.96,10,0.18,44.84,49.74,38.97,7.13,4.95,2.18
19841115.50,198411,51.00,60.33,24.96,11,0.05,34.13,37.40,30.67,1.19,0.25,0.94
19841216.00,198412,51.00,60.33,24.96,12,0.08,28.48,31.19,25.48,-1.95,-4.17,2.22
19850116.00,198501,51.00,60.33,24.96,1,0.02,4.06,11.45,-3.10,-15.52,-5.84,-9.68
19850214.50,198502,51.00,60.33,24.96,2,0.03,4.79,11.57,-1.61,-15.12,-7.06,-8.06
19850316.00,198503,51.00,60.33,24.96,3,0.05,27.48,31.71,22.81,-2.51,-3.87,1.36
19850415.50,198504,51.00,60.33,24.96,4,0.05,33.93,40.87,27.40,1.07,2.37,-1.30
19850516.00,198505,51.00,60.33,24.96,5,0.08,48.97,58.87,38.23,9.43,9.48,-0.05
19850615.50,198506,51.00,60.33,24.96,6,0.08,56.17,65.13,47.40,13.43,14.66,-1.23
19850716.00,198507,51.00,60.33,24.96,7,0.11,60.45,69.10,51.94,15.81,16.52,-0.71
19850816.00,198508,51.00,60.33,24.96,8,0.11,61.03,69.19,54.58,16.13,15.05,1.08
19850915.50,198509,51.00,60.33,24.96,9,0.08,48.53,56.63,41.83,9.19,9.93,-0.74
19851016.00,198510,51.00,60.33,24.96,10,0.04,44.48,50.74,39.19,6.94,4.95,1.99
19851115.50,198511,51.00,60.33,24.96,11,0.13,29.57,33.33,24.63,-1.35,0.25,-1.60
19851216.00,198512,51.00,60.33,24.96,12,0.10,20.35,26.42,12.48,-6.47,-4.17,-2.30
19860116.00,198601,51.00,60.33,24.96,1,0.08,17.77,22.71,12.52,-7.90,-5.84,-2.06
19860214.50,198602,51.00,60.33,24.96,2,0.01,11.11,19.39,2.29,-11.61,-7.06,-4.55
19860316.00,198603,51.00,60.33,24.96,3,0.04,29.80,34.90,25.32,-1.22,-3.87,2.65
19860406.67,198604,51.00,60.33,24.96,4,0.20,33.00,36.00,32.00,0.56,2.37,-1.81
19860516.00,198605,51.00,60.33,24.96,5,0.05,51.58,60.76,41.53,10.88,9.48,1.40
19860615.50,198606,51.00,60.33,24.96,6,0.04,62.30,71.77,51.60,16.83,14.66,2.17
19860716.00,198607,51.00,60.33,24.96,7,0.13,62.87,71.94,53.45,17.15,16.52,0.63
19860816.00,198608,51.00,60.33,24.96,8,0.23,56.81,64.26,50.10,13.78,15.05,-1.27
19860915.50,198609,51.00,60.33,24.96,9,0.11,44.73,52.63,37.40,7.07,9.93,-2.86
19861016.00,198610,51.00,60.33,24.96,10,0.11,42.19,47.26,37.26,5.66,4.95,0.71
19861115.50,198611,51.00,60.33,24.96,11,0.18,38.63,41.93,33.53,3.69,0.25,3.44
19861216.00,198612,51.00,60.33,24.96,12,0.06,19.32,25.00,12.68,-7.04,-4.17,-2.87
19870116.00,198701,51.00,60.33,24.96,1,0.02,-0.35,6.29,-6.45,-17.97,-5.84,-12.13
19870214.50,198702,51.00,60.33,24.96,2,0.05,19.68,25.86,13.68,-6.85,-7.06,0.21
19870316.00,198703,51.00,60.33,24.96,3,0.03,20.81,28.61,12.58,-6.22,-3.87,-2.35
19870415.50,198704,51.00,60.33,24.96,4,0.00,36.73,46.13,27.97,2.63,2.37,0.26
19870516.00,198705,51.00,60.33,24.96,5,0.06,47.06,55.81,38.58,8.37,9.48,-1.11
19870615.50,198706,51.00,60.33,24.96,6,0.11,54.83,63.50,45.93,12.69,14.66,-1.97
19870716.00,198707,51.00,60.33,24.96,7,0.07,59.65,68.45,50.10,15.36,16.52,-1.16
19870816.00,198708,51.00,60.33,24.96,8,0.09,54.55,61.55,48.19,12.53,15.05,-2.52
19870915.50,198709,51.00,60.33,24.96,9,0.19,48.10,54.93,42.53,8.94,9.93,-0.99
19871016.00,198710,51.00,60.33,24.96,10,0.04,44.55,49.35,40.03,6.97,4.95,2.02
19871115.50,198711,51.00,60.33,24.96,11,0.07,31.10,35.10,27.67,-0.50,0.25,-0.74
19871216.00,198712,51.00,60.33,24.96,12,0.04,23.52,30.10,17.16,-4.71,-4.17,-0.54
19880116.00,198801,51.00,60.33,24.96,1,0.06,27.35,30.94,23.68,-2.58,-5.84,3.26
19880215.00,198802,51.00,60.33,24.96,2,0.08,24.66,28.14,21.21,-4.08,-7.06,2.98
19880316.00,198803,51.00,60.33,24.96,3,0.07,26.45,30.87,21.45,-3.08,-3.87,0.79
19880415.50,198804,51.00,60.33,24.96,4,0.04,34.97,42.27,28.40,1.65,2.37,-0.72
19880516.00,198805,51.00,60.33,24.96,5,0.01,53.81,64.65,41.16,12.11,9.48,2.63
19880615.50,198806,51.00,60.33,24.96,6,0.06,63.10,72.77,52.67,17.28,14.66,2.62
19880716.00,198807,51.00,60.33,24.96,7,0.09,67.58,76.68,57.55,19.77,16.52,3.25
19880816.00,198808,51.00,60.33,24.96,8,0.14,58.26,64.94,52.55,14.59,15.05,-0.46
19880915.50,198809,51.00,60.33,24.96,9,0.14,52.30,58.93,45.17,11.28,9.93,1.35
19881016.00,198810,51.00,60.33,24.96,10,0.11,40.29,47.68,33.26,4.61,4.95,-0.34
19881115.50,198811,51.00,60.33,24.96,11,0.01,26.27,31.77,19.37,-3.19,0.25,-3.44
19881216.00,198812,51.00,60.33,24.96,12,0.08,20.77,27.42,12.84,-6.24,-4.17,-2.07
19890116.00,198901,51.00,60.33,24.96,1,0.05,31.55,35.52,26.55,-0.25,-5.84,5.59
19890214.50,198902,51.00,60.33,24.96,2,0.12,32.75,37.57,27.50,0.42,-7.06,7.48
19890316.00,198903,51.00,60.33,24.96,3,0.10,34.87,38.71,31.00,1.59,-3.87,5.46
19890415.50,198904,51.00,60.33,24.96,4,0.05,41.93,50.03,34.67,5.52,2.37,3.15
19890516.00,198905,51.00,60.33,24.96,5,0.05,51.90,61.90,40.39,11.06,9.48,1.58
19890615.50,198906,51.00,60.33,24.96,6,0.03,61.03,69.60,50.77,16.13,14.66,1.47
19890716.00,198907,51.00,60.33,24.96,7,0.11,63.45,73.13,52.52,17.47,16.52,0.95
19890816.00,198908,51.00,60.33,24.96,8,0.12,57.84,65.87,49.42,14.35,15.05,-0.70
19890915.50,198909,51.00,60.33,24.96,9,0.04,52.80,59.83,44.97,11.56,9.93,1.63
19891016.00,198910,51.00,60.33,24.96,10,0.06,41.65,46.71,36.45,5.36,4.95,0.41
19891115.50,198911,51.00,60.33,24.96,11,0.06,32.87,36.70,27.80,0.48,0.25,0.23
19891216.00,198912,51.00,60.33,24.96,12,0.07,23.03,29.39,16.45,-4.98,-4.17,-0.81
19900116.00,199001,51.00,60.33,24.96,1,0.12,25.03,30.74,18.06,-3.87,-5.84,1.97
19900214.50,199002,51.00,60.33,24.96,2,0.16,34.11,37.64,30.11,1.17,-7.06,8.23
19900316.00,199003,51.00,60.33,24.96,3,0.06,34.48,40.48,27.52,1.38,-3.87,5.25
19900415.50,199004,51.00,60.33,24.96,4,0.02,43.17,53.60,32.73,6.20,2.37,3.83
19900516.00,199005,51.00,60.33,24.96,5,0.04,49.77,59.45,39.42,9.87,9.48,0.39
19900615.50,199006,51.00,60.33,24.96,6,0.04,57.90,66.90,47.20,14.39,14.66,-0.27
19900716.00,199007,51.00,60.33,24.96,7,0.15,60.65,68.35,52.19,15.91,16.52,-0.61
19900816.00,199008,51.00,60.33,24.96,8,0.05,60.42,68.81,50.90,15.79,15.05,0.74
19900915.50,199009,51.00,60.33,24.96,9,0.11,47.67,53.63,41.53,8.70,9.93,-1.23
19901016.00,199010,51.00,60.33,24.96,10,0.10,41.61,46.65,36.42,5.34,4.95,0.39
19901115.50,199011,51.00,60.33,24.96,11,0.08,30.23,35.07,24.10,-0.98,0.25,-1.23
19901216.00,199012,51.00,60.33,24.96,12,0.07,30.16,34.16,25.48,-1.02,-4.17,3.15
19910116.00,199101,51.00,60.33,24.96,1,0.11,26.61,32.19,19.65,-2.99,-5.84,2.85
19910214.50,199102,51.00,60.33,24.96,2,0.02,20.75,25.50,15.82,-6.25,-7.06,0.81
19910316.00,199103,51.00,60.33,24.96,3,0.04,30.84,35.48,26.03,-0.65,-3.87,3.22
19910415.50,199104,51.00,60.33,24.96,4,0.03,38.63,47.30,30.67,3.69,2.37,1.32
19910516.00,199105,51.00,60.33,24.96,5,0.04,46.48,55.71,36.42,8.05,9.48,-1.43
19910615.50,199106,51.00,60.33,24.96,6,0.09,55.27,62.83,47.50,12.93,14.66,-1.73
19910716.00,199107,51.00,60.33,24.96,7,0.03,63.90,73.19,53.87,17.72,16.52,1.20
19910816.00,199108,51.00,60.33,24.96,8,0.11,62.00,71.29,53.74,16.67,15.05,1.62
19910915.50,199109,51.00,60.33,24.96,9,0.08,49.90,57.30,42.87,9.94,9.93,0.01
19911016.00,199110,51.00,60.33,24.96,10,0.07,42.55,47.90,37.87,5.86,4.95,0.91
19911115.50,199111,51.00,60.33,24.96,11,0.15,37.73,40.77,33.90,3.19,0.25,2.94
19911216.00,199112,51.00,60.33,24.96,12,0.06,29.77,34.97,24.48,-1.24,-4.17,2.93
19920116.00,199201,51.00,60.33,24.96,1,0.06,29.16,34.61,22.29,-1.58,-5.84,4.26
19920215.00,199202,51.00,60.33,24.96,2,0.07,28.31,32.83,22.83,-2.05,-7.06,5.01
19920316.00,199203,51.00,60.33,24.96,3,0.08,33.65,37.26,30.74,0.91,-3.87,4.78
19920415.50,199204,51.00,60.33,24.96,4,0.07,35.60,41.47,30.87,2.00,2.37,-0.37
19920516.00,199205,51.00,60.33,24.96,5,0.02,52.61,63.39,41.10,11.45,9.48,1.97
19920615.50,199206,51.00,60.33,24.96,6,0.04,60.63,70.90,49.03,15.91,14.66,1.25
19920716.00,199207,51.00,60.33,24.96,7,0.05,62.26,72.32,52.19,16.81,16.52,0.29
19920816.00,199208,51.00,60.33,24.96,8,0.19,58.94,66.39,51.87,14.96,15.05,-0.09
19920915.50,199209,51.00,60.33,24.96,9,0.10,53.63,60.10,47.43,12.02,9.93,2.09
19921016.00,199210,51.00,60.33,24.96,10,0.15,33.16,38.39,27.42,0.65,4.95,-4.30
19921115.50,199211,51.00,60.33,24.96,11,0.11,29.63,33.97,25.23,-1.31,0.25,-1.56
19921216.00,199212,51.00,60.33,24.96,12,0.04,32.81,36.06,28.71,0.45,-4.17,4.62
19930116.00,199301,51.00,60.33,24.96,1,0.09,28.81,32.48,24.19,-1.77,-5.84,4.07
19930214.50,199302,51.00,60.33,24.96,2,0.03,27.18,32.07,21.57,-2.68,-7.06,4.38
19930316.00,199303,51.00,60.33,24.96,3,0.04,30.81,36.65,25.39,-0.66,-3.87,3.21
19930415.50,199304,51.00,60.33,24.96,4,0.02,38.70,48.03,30.00,3.72,2.37,1.35
19930516.00,199305,51.00,60.33,24.96,5,0.02,56.23,67.48,43.65,13.46,9.48,3.98
19930615.50,199306,51.00,60.33,24.96,6,0.06,53.97,63.13,44.70,12.20,14.66,-2.46
19930716.00,199307,51.00,60.33,24.96,7,0.14,60.97,68.94,52.16,16.09,16.52,-0.43
19930816.00,199308,51.00,60.33,24.96,8,0.16,56.55,63.61,49.68,13.64,15.05,-1.41
19930915.50,199309,51.00,60.33,24.96,9,0.02,43.70,52.10,36.00,6.50,9.93,-3.43
19931016.00,199310,51.00,60.33,24.96,10,0.07,38.81,44.71,32.94,3.78,4.95,-1.17
19931115.50,199311,51.00,60.33,24.96,11,0.01,26.53,30.00,22.87,-3.04,0.25,-3.29
19931216.00,199312,51.00,60.33,24.96,12,0.11,26.68,29.61,22.42,-2.96,-4.17,1.21
19940116.00,199401,51.00,60.33,24.96,1,0.08,24.84,28.97,19.74,-3.98,-5.84,1.86
19940214.50,199402,51.00,60.33,24.96,2,0.00,8.68,16.07,1.54,-12.96,-7.06,-5.90
19940316.00,199403,51.00,60.33,24.96,3,0.08,27.35,32.94,21.48,-2.58,-3.87,1.29
19940415.50,199404,51.00,60.33,24.96,4,0.09,41.37,49.57,34.20,5.20,2.37,2.83
19940516.00,199405,51.00,60.33,24.96,5,0.08,47.23,56.74,36.55,8.46,9.48,-1.02
19940615.50,199406,51.00,60.33,24.96,6,0.08,55.17,64.13,46.33,12.87,14.66,-1.79
19940716.00,199407,51.00,60.33,24.96,7,0.01,67.87,78.42,55.19,19.93,16.52,3.41
19940816.00,199408,51.00,60.33,24.96,8,0.10,60.06,68.74,51.65,15.59,15.05,0.54
19940915.50,199409,51.00,60.33,24.96,9,0.19,52.07,58.37,45.83,11.15,9.93,1.22
19941016.00,199410,51.00,60.33,24.96,10,0.09,40.74,46.35,35.58,4.86,4.95,-0.09
19941115.50,199411,51.00,60.33,24.96,11,0.04,31.23,35.80,26.00,-0.43,0.25,-0.68
19941216.00,199412,51.00,60.33,24.96,12,0.11,31.13,34.03,27.32,-0.48,-4.17,3.69
19950116.00,199501,51.00,60.33,24.96,1,0.07,26.32,30.48,21.19,-3.15,-5.84,2.69
19950214.50,199502,51.00,60.33,24.96,2,0.10,31.32,35.21,26.07,-0.38,-7.06,6.68
19950316.00,199503,51.00,60.33,24.96,3,0.07,32.35,35.71,28.65,0.20,-3.87,4.07
19950415.50,199504,51.00,60.33,24.96,4,0.04,38.10,45.70,30.87,3.39,2.37,1.02
19950516.00,199505,51.00,60.33,24.96,5,0.08,48.58,58.19,39.06,9.21,9.48,-0.27
19950615.50,199506,51.00,60.33,24.96,6,0.03,63.60,72.50,53.97,17.56,14.66,2.90
19950716.00,199507,51.00,60.33,24.96,7,0.05,60.94,70.61,50.87,16.08,16.52,-0.44
19950816.00,199508,51.00,60.33,24.96,8,0.07,61.16,71.77,48.90,16.20,15.05,1.15
19950915.50,199509,51.00,60.33,24.96,9,0.12,51.70,59.47,44.80,10.94,9.93,1.01
19951016.00,199510,51.00,60.33,24.96,10,0.08,46.48,51.55,41.06,8.05,4.95,3.10
19951115.50,199511,51.00,60.33,24.96,11,0.08,28.10,33.13,21.67,-2.17,0.25,-2.42
19951216.00,199512,51.00,60.33,24.96,12,0.02,17.58,24.68,10.84,-8.01,-4.17,-3.84
19960116.00,199601,51.00,60.33,24.96,1,0.01,21.03,24.81,17.10,-6.09,-5.84,-0.25
19960215.00,199602,51.00,60.33,24.96,2,0.04,13.76,20.52,7.45,-10.13,-7.06,-3.07
19960316.00,199603,51.00,60.33,24.96,3,0.03,26.23,34.42,17.10,-3.21,-3.87,0.66
19960415.50,199604,51.00,60.33,24.96,4,0.04,37.87,46.87,29.30,3.26,2.37,0.89
19960516.00,199605,51.00,60.33,24.96,5,0.11,48.68,58.35,39.32,9.27,9.48,-0.21
19960615.50,199606,51.00,60.33,24.96,6,0.07,56.43,65.33,47.77,13.57,14.66,-1.09
19960716.00,199607,51.00,60.33,24.96,7,0.19,58.55,66.71,51.03,14.75,16.52,-1.77
19960816.00,199608,51.00,60.33,24.96,8,0.01,63.84,73.81,52.52,17.69,15.05,2.64
19960915.50,199609,51.00,60.33,24.96,9,0.06,47.93,55.93,40.57,8.85,9.93,-1.08
19961016.00,199610,51.00,60.33,24.96,10,0.10,44.19,49.03,39.10,6.77,4.95,1.82
19961115.50,199611,51.00,60.33,24.96,11,0.28,38.13,41.87,33.70,3.41,0.25,3.17
19961216.00,199612,51.00,60.33,24.96,12,0.05,22.84,28.06,17.35,-5.09,-4.17,-0.92
19970116.00,199701,51.00,60.33,24.96,1,0.05,24.61,31.10,16.65,-4.10,-5.84,1.74
19970214.50,199702,51.00,60.33,24.96,2,0.09,26.18,31.39,20.43,-3.23,-7.06,3.83
19970316.00,199703,51.00,60.33,24.96,3,0.03,30.74,37.77,24.19,-0.70,-3.87,3.17
19970415.50,199704,51.00,60.33,24.96,4,0.04,35.63,43.23,28.13,2.02,2.37,-0.35
19970516.00,199705,51.00,60.33,24.96,5,0.03,47.19,56.45,37.58,8.44,9.48,-1.04
19970615.50,199706,51.00,60.33,24.96,6,0.07,61.87,71.93,50.33,16.59,14.66,1.93
19970716.00,199707,51.00,60.33,24.96,7,0.07,65.45,74.84,55.68,18.58,16.52,2.06
19970816.00,199708,51.00,60.33,24.96,8,0.08,65.35,75.00,54.77,18.53,15.05,3.48
19970915.50,199709,51.00,60.33,24.96,9,0.08,50.93,58.63,43.90,10.52,9.93,0.59
19971016.00,199710,51.00,60.33,24.96,10,0.07,37.48,42.65,32.52,3.05,4.95,-1.90
19971115.50,199711,51.00,60.33,24.96,11,0.07,32.43,36.20,28.80,0.24,0.25,-0.01
19971216.00,199712,51.00,60.33,24.96,12,0.04,26.00,29.94,20.77,-3.33,-4.17,0.84
19980116.00,199801,51.00,60.33,24.96,1,0.08,28.90,32.06,25.26,-1.72,-5.84,4.12
19980214.50,199802,51.00,60.33,24.96,2,0.04,24.00,30.29,16.25,-4.44,-7.06,2.62
19980316.00,199803,51.00,60.33,24.96,3,0.03,24.42,32.74,15.90,-4.21,-3.87,-0.34
19980415.50,199804,51.00,60.33,24.96,4,0.03,37.30,45.97,28.93,2.94,2.37,0.57
19980516.00,199805,51.00,60.33,24.96,5,0.06,50.81,60.87,40.71,10.45,9.48,0.97
19980615.50,199806,51.00,60.33,24.96,6,0.15,58.30,66.27,50.87,14.61,14.66,-0.05
19980716.00,199807,51.00,60.33,24.96,7,0.16,61.35,69.23,53.65,16.31,16.52,-0.21
19980816.00,199808,51.00,60.33,24.96,8,0.14,56.77,63.48,50.77,13.76,15.05,-1.29
19980915.50,199809,51.00,60.33,24.96,9,0.06,53.07,59.77,46.63,11.70,9.93,1.77
19981016.00,199810,51.00,60.33,24.96,10,0.17,42.65,48.23,36.39,5.91,4.95,0.96
19981115.50,199811,51.00,60.33,24.96,11,0.04,26.03,29.50,21.57,-3.31,0.25,-3.56
19981216.00,199812,51.00,60.33,24.96,12,0.06,28.42,31.71,24.19,-1.99,-4.17,2.18
19990116.00,199901,51.00,60.33,24.96,1,0.06,22.13,26.03,16.29,-5.48,-5.84,0.36
19990214.50,199902,51.00,60.33,24.96,2,0.09,19.18,24.89,12.61,-7.12,-7.06,-0.06
19990316.00,199903,51.00,60.33,24.96,3,0.03,29.71,34.77,23.77,-1.27,-3.87,2.60
19990415.50,199904,51.00,60.33,24.96,4,0.07,42.63,50.13,35.90,5.91,2.37,3.54
19990516.00,199905,51.00,60.33,24.96,5,0.01,46.58,55.58,36.23,8.10,9.48,-1.38
19990615.50,199906,51.00,60.33,24.96,6,0.03,65.40,75.17,54.43,18.56,14.66,3.90
19990716.00,199907,51.00,60.33,24.96,7,0.03,66.77,76.35,55.90,19.32,16.52,2.80
19990816.00,199908,51.00,60.33,24.96,8,0.08,59.90,69.29,50.03,15.50,15.05,0.45
19990915.50,199909,51.00,60.33,24.96,9,0.05,55.27,64.20,45.93,12.93,9.93,3.00
19991016.00,199910,51.00,60.33,24.96,10,0.12,44.35,48.65,39.65,6.86,4.95,1.91
19991115.50,199911,51.00,60.33,24.96,11,0.05,36.90,40.37,32.20,2.72,0.25,2.48
19991216.00,199912,51.00,60.33,24.96,12,0.14,28.26,32.74,22.71,-2.08,-4.17,2.09
20000116.00,200001,51.00,60.33,24.96,1,0.05,27.10,31.06,21.32,-2.72,-5.84,3.12
20000215.00,200002,51.00,60.33,24.96,2,0.07,27.76,31.62,21.38,-2.36,-7.06,4.70
20000316.00,200003,51.00,60.33,24.96,3,0.05,30.87,36.48,24.39,-0.63,-3.87,3.24
20000415.50,200004,51.00,60.33,24.96,4,0.06,43.57,52.57,35.83,6.43,2.37,4.06
20000516.00,200005,51.00,60.33,24.96,5,0.03,51.71,61.55,41.45,10.95,9.48,1.47
20000615.50,200006,51.00,60.33,24.96,6,0.09,58.10,66.47,49.80,14.50,14.66,-0.16
20000716.00,200007,51.00,60.33,24.96,7,0.08,62.55,70.16,55.10,16.97,16.52,0.45
20000816.00,200008,51.00,60.33,24.96,8,0.07,60.00,68.58,51.42,15.56,15.05,0.51
20000915.50,200009,51.00,60.33,24.96,9,0.02,49.53,59.40,39.37,9.74,9.93,-0.19
20001016.00,200010,51.00,60.33,24.96,10,0.12,48.16,52.23,42.77,8.98,4.95,4.03
20001115.50,200011,51.00,60.33,24.96,11,0.17,40.40,42.97,36.70,4.67,0.25,4.42
20001216.00,200012,51.00,60.33,24.96,12,0.10,34.26,37.48,30.16,1.25,-4.17,5.42
20010116.00,200101,51.00,60.33,24.96,1,0.06,28.19,31.74,24.94,-2.11,-5.84,3.73
20010214.50,200102,51.00,60.33,24.96,2,0.07,17.79,24.82,11.32,-7.90,-7.06,-0.84
20010316.00,200103,51.00,60.33,24.96,3,0.03,25.55,32.39,18.19,-3.58,-3.87,0.29
20010415.50,200104,51.00,60.33,24.96,4,0.07,41.90,50.37,35.37,5.50,2.37,3.13
20010516.00,200105,51.00,60.33,24.96,5,0.02,49.35,58.87,40.65,9.64,9.48,0.16
20010615.50,200106,51.00,60.33,24.96,6,0.15,57.57,65.40,49.30,14.20,14.66,-0.46
20010716.00,200107,51.00,60.33,24.96,7,0.07,68.74,77.58,60.29,20.41,16.52,3.89
20010816.00,200108,51.00,60.33,24.96,8,0.09,61.52,70.39,53.29,16.40,15.05,1.35
20010915.50,200109,51.00,60.33,24.96,9,0.13,53.87,60.47,47.73,12.15,9.93,2.22
20011016.00,200110,51.00,60.33,24.96,10,0.10,46.65,51.13,41.61,8.14,4.95,3.19
20011115.50,200111,51.00,60.33,24.96,11,0.07,31.97,36.33,27.13,-0.02,0.25,-0.27
20011216.00,200112,51.00,60.33,24.96,12,0.03,19.29,24.16,13.81,-7.06,-4.17,-2.89
20020116.00,200201,51.00,60.33,24.96,1,0.09,25.68,30.16,19.26,-3.51,-5.84,2.33
20020214.50,200202,51.00,60.33,24.96,2,0.07,30.54,34.54,25.46,-0.81,-7.06,6.25
20020316.00,200203,51.00,60.33,24.96,3,0.05,32.65,39.65,25.29,0.36,-3.87,4.23
20020415.50,200204,51.00,60.33,24.96,4,0.01,42.43,52.53,32.37,5.80,2.37,3.43
20020516.00,200205,51.00,60.33,24.96,5,0.03,53.71,64.52,41.87,12.06,9.48,2.58
20020615.50,200206,51.00,60.33,24.96,6,0.09,61.47,70.20,52.83,16.37,14.66,1.71
20020716.00,200207,51.00,60.33,24.96,7,0.07,66.90,74.77,58.13,19.39,16.52,2.87
20020816.00,200208,51.00,60.33,24.96,8,0.02,66.87,76.94,55.68,19.37,15.05,4.32
20020915.50,200209,51.00,60.33,24.96,9,0.03,52.17,61.33,43.83,11.20,9.93,1.27
20021016.00,200210,51.00,60.33,24.96,10,0.05,33.06,38.68,27.74,0.59,4.95,-4.36
20021115.50,200211,51.00,60.33,24.96,11,0.05,27.00,30.60,22.73,-2.78,0.25,-3.02
20021216.00,200212,51.00,60.33,24.96,12,0.01,17.23,22.26,12.35,-8.21,-4.17,-4.04
20030116.00,200301,51.00,60.33,24.96,1,0.05,14.35,21.03,7.13,-9.80,-5.84,-3.96
20030214.50,200302,51.00,60.33,24.96,2,0.01,21.64,27.79,15.89,-5.75,-7.06,1.31
20030316.00,200303,51.00,60.33,24.96,3,0.01,29.32,37.52,22.65,-1.49,-3.87,2.38
20030415.50,200304,51.00,60.33,24.96,4,0.04,36.50,44.47,29.33,2.50,2.37,0.13
20030516.00,200305,51.00,60.33,24.96,5,0.08,49.74,59.65,40.84,9.86,9.48,0.38
20030615.50,200306,51.00,60.33,24.96,6,0.07,55.60,65.13,47.40,13.11,14.66,-1.55
20030716.00,200307,51.00,60.33,24.96,7,0.03,68.58,76.90,60.03,20.32,16.52,3.80
20030816.00,200308,51.00,60.33,24.96,8,0.09,60.65,68.74,53.68,15.91,15.05,0.86
20030915.50,200309,51.00,60.33,24.96,9,0.03,52.70,61.27,44.87,11.50,9.93,1.57
20031016.00,200310,51.00,60.33,24.96,10,0.09,38.39,43.45,33.39,3.55,4.95,-1.40
20031115.50,200311,51.00,60.33,24.96,11,0.06,37.23,39.70,34.00,2.91,0.25,2.67
20031216.00,200312,51.00,60.33,24.96,12,0.09,30.26,35.23,24.26,-0.97,-4.17,3.20
20040116.00,200401,51.00,60.33,24.96,1,0.05,19.03,23.74,14.42,-7.20,-5.84,-1.36
20040215.00,200402,51.00,60.33,24.96,2,0.05,23.21,28.31,17.55,-4.89,-7.06,2.17
20040316.00,200403,51.00,60.33,24.96,3,0.06,29.45,36.84,22.58,-1.42,-3.87,2.45
20040415.50,200404,51.00,60.33,24.96,4,0.01,39.97,50.93,30.03,4.43,2.37,2.06
20040516.00,200405,51.00,60.33,24.96,5,0.05,50.23,60.26,41.26,10.13,9.48,0.65
20040615.50,200406,51.00,60.33,24.96,6,0.14,55.40,64.03,47.43,13.00,14.66,-1.66
20040716.00,200407,51.00,60.33,24.96,7,0.25,61.42,68.87,54.61,16.34,16.52,-0.18
20040816.00,200408,51.00,60.33,24.96,8,0.10,62.03,69.74,54.58,16.68,15.05,1.63
20040915.50,200409,51.00,60.33,24.96,9,0.12,54.07,60.03,49.00,12.26,9.93,2.33
20041016.00,200410,51.00,60.33,24.96,10,0.08,42.10,47.61,37.23,5.61,4.95,0.66
20041115.50,200411,51.00,60.33,24.96,11,0.08,31.50,36.37,25.27,-0.28,0.25,-0.53
20041216.00,200412,51.00,60.33,24.96,12,0.10,31.19,35.55,25.65,-0.45,-4.17,3.72
20050116.00,200501,51.00,60.33,24.96,1,0.13,30.23,33.29,25.71,-0.99,-5.84,4.85
20050214.50,200502,51.00,60.33,24.96,2,0.02,21.79,26.71,16.68,-5.67,-7.06,1.39
20050316.00,200503,51.00,60.33,24.96,3,0.01,20.48,28.81,11.81,-6.40,-3.87,-2.53
20050415.50,200504,51.00,60.33,24.96,4,0.02,39.83,49.13,31.73,4.35,2.37,1.98
20050516.00,200505,51.00,60.33,24.96,5,0.08,50.48,59.32,41.97,10.27,9.48,0.79
20050615.50,200506,51.00,60.33,24.96,6,0.10,57.43,65.83,49.03,14.13,14.66,-0.53
20050716.00,200507,51.00,60.33,24.96,7,0.05,66.06,75.32,56.97,18.92,16.52,2.40
20050816.00,200508,51.00,60.33,24.96,8,0.21,61.06,68.58,54.32,16.15,15.05,1.10
20050915.50,200509,51.00,60.33,24.96,9,0.03,54.10,62.33,46.37,12.28,9.93,2.35
20051016.00,200510,51.00,60.33,24.96,10,0.04,44.71,51.13,38.84,7.06,4.95,2.11
20051115.50,200511,51.00,60.33,24.96,11,0.11,38.53,41.87,34.63,3.63,0.25,3.38
20051216.00,200512,51.00,60.33,24.96,12,0.05,25.90,29.52,21.10,-3.39,-4.17,0.78
20060116.00,200601,51.00,60.33,24.96,1,0.02,23.52,27.52,18.42,-4.71,-5.84,1.13
20060214.50,200602,51.00,60.33,24.96,2,0.02,15.64,21.11,9.71,-9.09,-7.06,-2.03
20060316.00,200603,51.00,60.33,24.96,3,0.04,20.00,28.13,12.39,-6.67,-3.87,-2.80
20060415.50,200604,51.00,60.33,24.96,4,0.04,38.87,46.03,32.07,3.81,2.37,1.44
20060516.00,200605,51.00,60.33,24.96,5,0.05,51.03,60.90,41.13,10.57,9.48,1.09
20060615.50,200606,51.00,60.33,24.96,6,0.04,61.27,70.33,51.63,16.26,14.66,1.60
20060716.00,200607,51.00,60.33,24.96,7,0.01,66.03,76.23,55.55,18.91,16.52,2.39
20060816.00,200608,51.00,60.33,24.96,8,0.05,64.58,74.32,56.00,18.10,15.05,3.05
20060915.50,200609,51.00,60.33,24.96,9,0.03,56.63,65.53,49.33,13.69,9.93,3.76
20061016.00,200610,51.00,60.33,24.96,10,0.24,45.74,50.61,40.74,7.63,4.95,2.68
20061115.50,200611,51.00,60.33,24.96,11,0.09,34.97,38.23,30.27,1.65,0.25,1.40
20061216.00,200612,51.00,60.33,24.96,12,0.08,37.90,40.55,32.35,3.28,-4.17,7.45
20070116.00,200701,51.00,60.33,24.96,1,0.13,27.90,32.74,20.94,-2.28,-5.84,3.56
20070214.50,200702,51.00,60.33,24.96,2,0.02,14.61,21.86,8.68,-9.66,-7.06,-2.60
20070316.00,200703,51.00,60.33,24.96,3,0.04,37.10,44.97,31.10,2.83,-3.87,6.70
20070415.50,200704,51.00,60.33,24.96,4,0.06,41.33,51.57,33.00,5.19,2.37,2.82
20070516.00,200705,51.00,60.33,24.96,5,0.06,51.77,61.00,42.84,10.99,9.48,1.51
20070615.50,200706,51.00,60.33,24.96,6,0.06,59.83,69.93,49.83,15.46,14.66,0.80
20070716.00,200707,51.00,60.33,24.96,7,0.08,63.03,71.10,56.23,17.24,16.52,0.72
20070816.00,200708,51.00,60.33,24.96,8,0.08,62.87,71.77,55.32,17.15,15.05,2.10
20070915.50,200709,51.00,60.33,24.96,9,0.13,51.67,58.87,44.93,10.93,9.93,1.00
20071016.00,200710,51.00,60.33,24.96,10,0.09,43.58,48.55,39.16,6.43,4.95,1.48
20071115.50,200711,51.00,60.33,24.96,11,0.11,32.13,36.30,28.13,0.07,0.25,-0.18
20071216.00,200712,51.00,60.33,24.96,12,0.12,34.97,37.77,31.45,1.65,-4.17,5.82
20080116.00,200801,51.00,60.33,24.96,1,0.11,31.61,34.16,28.13,-0.22,-5.84,5.62
20080215.00,200802,51.00,60.33,24.96,2,0.08,32.62,35.97,28.59,0.34,-7.06,7.40
20080316.00,200803,51.00,60.33,24.96,3,0.06,31.06,35.81,26.45,-0.52,-3.87,3.35
20080415.50,200804,51.00,60.33,24.96,4,0.05,43.23,51.93,35.13,6.24,2.37,3.87
20080516.00,200805,51.00,60.33,24.96,5,0.02,51.32,61.58,41.03,10.73,9.48,1.25
20080615.50,200806,51.00,60.33,24.96,6,0.16,58.17,67.27,50.17,14.54,14.66,-0.12
20080716.00,200807,51.00,60.33,24.96,7,0.03,62.71,71.71,54.42,17.06,16.52,0.54
20080816.00,200808,51.00,60.33,24.96,8,0.10,58.65,65.26,53.45,14.80,15.05,-0.25
20080915.50,200809,51.00,60.33,24.96,9,0.06,49.27,55.87,43.67,9.59,9.93,-0.34
20081016.00,200810,51.00,60.33,24.96,10,0.21,46.81,51.68,41.90,8.23,4.95,3.28
20081115.50,200811,51.00,60.33,24.96,11,0.14,36.47,40.40,32.37,2.48,0.25,2.23
20081216.00,200812,51.00,60.33,24.96,12,0.07,32.77,35.35,30.13,0.43,-4.17,4.60
20090116.00,200901,51.00,60.33,24.96,1,0.04,24.84,29.65,20.06,-3.98,-5.84,1.86
20090214.50,200902,51.00,60.33,24.96,2,0.02,23.00,27.14,17.64,-5.00,-7.06,2.06
20090316.00,200903,51.00,60.33,24.96,3,0.03,28.77,33.39,23.55,-1.79,-3.87,2.08
20090415.50,200904,51.00,60.33,24.96,4,0.01,40.23,48.37,32.53,4.57,2.37,2.20
20090516.00,200905,51.00,60.33,24.96,5,0.04,52.68,62.32,43.26,11.49,9.48,2.01
20090615.50,200906,51.00,60.33,24.96,6,0.10,57.40,66.67,49.17,14.11,14.66,-0.55
20090716.00,200907,51.00,60.33,24.96,7,0.13,62.84,71.19,54.97,17.13,16.52,0.61
20090816.00,200908,51.00,60.33,24.96,8,0.08,60.94,69.45,53.10,16.08,15.05,1.03
20090915.50,200909,51.00,60.33,24.96,9,0.05,55.10,62.77,48.97,12.83,9.93,2.90
20091016.00,200910,51.00,60.33,24.96,10,0.13,37.97,43.35,33.03,3.32,4.95,-1.63
20091115.50,200911,51.00,60.33,24.96,11,0.10,36.60,39.10,33.00,2.56,0.25,2.31
20091216.00,200912,51.00,60.33,24.96,12,0.06,22.39,26.87,17.61,-5.34,-4.17,-1.17
20100116.00,201001,51.00,60.33,24.96,1,0.03,9.39,15.65,3.87,-12.56,-5.84,-6.72
20100214.50,201002,51.00,60.33,24.96,2,0.07,15.57,20.46,9.86,-9.13,-7.06,-2.07
20100316.00,201003,51.00,60.33,24.96,3,0.06,27.35,33.19,19.87,-2.58,-3.87,1.29
20100415.50,201004,51.00,60.33,24.96,4,0.07,40.30,48.23,33.27,4.61,2.37,2.24
20100516.00,201005,51.00,60.33,24.96,5,0.10,53.42,61.48,45.87,11.90,9.48,2.42
20100615.50,201006,51.00,60.33,24.96,6,0.04,58.80,67.50,50.13,14.89,14.66,0.23
20100716.00,201007,51.00,60.33,24.96,7,0.02,72.19,81.58,62.90,22.33,16.52,5.81
20100816.00,201008,51.00,60.33,24.96,8,0.09,63.81,72.29,56.10,17.67,15.05,2.62
20100915.50,201009,51.00,60.33,24.96,9,0.07,52.70,58.80,47.37,11.50,9.93,1.57
20101016.00,201010,51.00,60.33,24.96,10,0.03,41.10,46.55,35.74,5.05,4.95,0.10
20101115.50,201011,51.00,60.33,24.96,11,0.08,28.93,33.17,25.37,-1.70,0.25,-1.95
20101216.00,201012,51.00,60.33,24.96,12,0.06,16.03,20.65,10.13,-8.87,-4.17,-4.70
20110116.00,201101,51.00,60.33,24.96,1,0.06,22.19,27.23,16.10,-5.45,-5.84,0.39
20110214.50,201102,51.00,60.33,24.96,2,0.03,10.50,19.46,4.61,-11.94,-7.06,-4.88
20110316.00,201103,51.00,60.33,24.96,3,0.02,29.13,35.13,22.00,-1.59,-3.87,2.28
20110415.50,201104,51.00,60.33,24.96,4,0.03,42.73,50.63,34.77,5.96,2.37,3.59
20110516.00,201105,51.00,60.33,24.96,5,0.03,51.32,60.58,42.03,10.73,9.48,1.25
20110615.50,201106,51.00,60.33,24.96,6,0.05,63.27,72.77,54.07,17.37,14.66,2.71
20110716.00,201107,51.00,60.33,24.96,7,0.07,69.42,77.94,61.52,20.79,16.52,4.27
20110816.00,201108,51.00,60.33,24.96,8,0.11,62.29,70.32,55.32,16.83,15.05,1.78
20110915.50,201109,51.00,60.33,24.96,9,0.11,55.53,61.33,49.77,13.07,9.93,3.14
20111016.00,201110,51.00,60.33,24.96,10,0.11,45.81,51.06,40.65,7.67,4.95,2.72
20111115.50,201111,51.00,60.33,24.96,11,0.04,39.87,44.50,35.27,4.37,0.25,4.12
20111216.00,201112,51.00,60.33,24.96,12,0.21,35.94,39.03,31.94,2.19,-4.17,6.36
20120116.00,201201,51.00,60.33,24.96,1,0.11,23.00,27.00,18.39,-5.00,-5.84,0.84
20120215.00,201202,51.00,60.33,24.96,2,0.07,17.31,22.90,10.79,-8.16,-7.06,-1.10
20120316.00,201203,51.00,60.33,24.96,3,0.05,31.74,37.61,25.74,-0.14,-3.87,3.73
20120415.50,201204,51.00,60.33,24.96,4,0.08,39.03,45.80,32.10,3.91,2.37,1.54
20120516.00,201205,51.00,60.33,24.96,5,0.06,52.00,61.42,43.19,11.11,9.48,1.63
20120615.50,201206,51.00,60.33,24.96,6,0.13,56.50,65.07,48.63,13.61,14.66,-1.05
20120716.00,201207,51.00,60.33,24.96,7,0.08,64.23,72.42,56.97,17.90,16.52,1.38
20120816.00,201208,51.00,60.33,24.96,8,0.09,59.52,67.97,52.74,15.29,15.05,0.24
20120915.50,201209,51.00,60.33,24.96,9,0.20,53.17,59.33,47.93,11.76,9.93,1.83
20121016.00,201210,51.00,60.33,24.96,10,0.11,42.55,46.84,38.23,5.86,4.95,0.91
20121115.50,201211,51.00,60.33,24.96,11,0.08,37.83,41.10,33.70,3.24,0.25,3.00
20121216.00,201212,51.00,60.33,24.96,12,0.08,20.06,24.10,15.55,-6.63,-4.17,-2.46
20130116.00,201301,51.00,60.33,24.96,1,0.05,21.45,25.58,16.19,-5.86,-5.84,-0.02
20130214.50,201302,51.00,60.33,24.96,2,0.05,27.29,31.04,22.46,-2.62,-7.06,4.44
20130316.00,201303,51.00,60.33,24.96,3,0.01,19.84,29.81,9.19,-6.76,-3.87,-2.89
20130415.50,201304,51.00,60.33,24.96,4,0.04,36.97,44.67,28.97,2.76,2.37,0.39
20130516.00,201305,51.00,60.33,24.96,5,0.03,55.94,65.55,47.26,13.30,9.48,3.82
20130615.50,201306,51.00,60.33,24.96,6,0.04,64.07,73.00,55.70,17.81,14.66,3.15
20130716.00,201307,51.00,60.33,24.96,7,0.03,64.45,73.65,56.29,18.03,16.52,1.51
20130816.00,201308,51.00,60.33,24.96,8,0.12,62.65,71.94,54.87,17.03,15.05,1.98
20130915.50,201309,51.00,60.33,24.96,9,0.04,52.87,60.97,46.63,11.59,9.93,1.66
20131016.00,201310,51.00,60.33,24.96,10,0.10,43.84,49.97,37.94,6.58,4.95,1.63
20131115.50,201311,51.00,60.33,24.96,11,0.13,38.40,42.30,33.50,3.56,0.25,3.31
20131216.00,201312,51.00,60.33,24.96,12,0.07,34.45,37.94,30.16,1.36,-4.17,5.53
20140116.00,201401,51.00,60.33,24.96,1,0.05,18.48,22.68,14.61,-7.51,-5.84,-1.67
20140214.50,201402,51.00,60.33,24.96,2,0.04,31.32,33.75,28.50,-0.38,-7.06,6.68
20140316.00,201403,51.00,60.33,24.96,3,0.03,34.74,42.00,28.06,1.52,-3.87,5.39
20140415.50,201404,51.00,60.33,24.96,4,0.02,42.10,51.70,32.47,5.61,2.37,3.24
20140516.00,201405,51.00,60.33,24.96,5,0.08,51.48,60.48,43.26,10.82,9.48,1.34
20140615.50,201406,51.00,60.33,24.96,6,0.08,56.40,64.50,49.33,13.56,14.66,-1.10
20140716.00,201407,51.00,60.33,24.96,7,0.05,67.97,78.16,58.58,19.98,16.52,3.46
20140816.00,201408,51.00,60.33,24.96,8,0.15,63.13,71.13,56.03,17.29,15.05,2.24
20140915.50,201409,51.00,60.33,24.96,9,0.07,53.40,63.27,45.90,11.89,9.93,1.96
20141016.00,201410,51.00,60.33,24.96,10,0.04,42.32,47.06,38.26,5.73,4.95,0.78
20141115.50,201411,51.00,60.33,24.96,11,0.05,36.17,38.83,33.30,2.31,0.25,2.06
20141216.00,201412,51.00,60.33,24.96,12,0.11,29.94,33.58,23.84,-1.15,-4.17,3.02
20150116.00,201501,51.00,60.33,24.96,1,0.07,28.74,32.10,23.68,-1.81,-5.84,4.03
20150214.50,201502,51.00,60.33,24.96,2,0.06,32.21,35.39,27.93,0.12,-7.06,7.18
20150316.00,201503,51.00,60.33,24.96,3,0.08,35.00,41.32,30.06,1.67,-3.87,5.54
20150415.50,201504,51.00,60.33,24.96,4,0.07,41.30,48.13,34.80,5.17,2.37,2.80
20150516.00,201505,51.00,60.33,24.96,5,0.05,49.26,57.68,41.35,9.59,9.48,0.11
20150615.50,201506,51.00,60.33,24.96,6,0.09,56.37,65.07,49.07,13.54,14.66,-1.12
20150716.00,201507,51.00,60.33,24.96,7,0.10,60.94,69.06,53.94,16.08,16.52,-0.44
20150816.00,201508,51.00,60.33,24.96,8,0.05,62.06,73.19,52.65,16.70,15.05,1.65
20150915.50,201509,51.00,60.33,24.96,9,0.06,54.57,61.77,48.67,12.54,9.93,2.61
20151016.00,201510,51.00,60.33,24.96,10,0.03,41.32,49.48,34.71,5.18,4.95,0.23
20151115.50,201511,51.00,60.33,24.96,11,0.08,40.27,43.50,36.63,4.59,0.25,4.34
20151216.00,201512,51.00,60.33,24.96,12,0.07,35.97,40.23,30.32,2.20,-4.17,6.37
20160116.00,201601,51.00,60.33,24.96,1,0.06,13.58,18.61,8.00,-10.23,-5.84,-4.39
20160215.00,201602,51.00,60.33,24.96,2,0.13,31.21,34.66,26.86,-0.44,-7.06,6.62
20160316.00,201603,51.00,60.33,24.96,3,0.01,32.13,38.16,27.26,0.07,-3.87,3.94
20160415.50,201604,51.00,60.33,24.96,4,0.10,40.37,48.73,34.13,4.65,2.37,2.28
20160516.00,201605,51.00,60.33,24.96,5,0.02,56.94,67.87,46.19,13.85,9.48,4.37
20160615.50,201606,51.00,60.33,24.96,6,0.15,59.67,69.23,51.57,15.37,14.66,0.71
20160716.00,201607,51.00,60.33,24.96,7,0.15,63.35,71.77,57.45,17.42,16.52,0.90
20160816.00,201608,51.00,60.33,24.96,8,0.13,60.61,67.52,54.74,15.90,15.05,0.85
20160915.50,201609,51.00,60.33,24.96,9,0.07,54.40,62.90,47.50,12.44,9.93,2.51
20161016.00,201610,51.00,60.33,24.96,10,0.02,40.10,45.06,35.81,4.50,4.95,-0.45
20161115.50,201611,51.00,60.33,24.96,11,0.09,31.03,33.83,25.90,-0.54,0.25,-0.79
20161216.00,201612,51.00,60.33,24.96,12,0.02,30.58,34.55,25.84,-0.79,-4.17,3.38
20170116.00,201701,51.00,60.33,24.96,1,0.04,26.80,31.19,21.71,-2.89,-5.84,2.95
20170214.50,201702,51.00,60.33,24.96,2,0.04,26.25,31.18,20.86,-3.19,-7.06,3.87
20170316.00,201703,51.00,60.33,24.96,3,0.04,33.26,38.84,28.13,0.70,-3.87,4.57
20170415.50,201704,51.00,60.33,24.96,4,0.05,36.03,44.10,29.70,2.24,2.37,-0.13
20170516.00,201705,51.00,60.33,24.96,5,0.01,49.03,59.65,39.48,9.46,9.48,-0.02
20170615.50,201706,51.00,60.33,24.96,6,0.13,56.30,65.53,48.57,13.50,14.66,-1.16
20170716.00,201707,51.00,60.33,24.96,7,0.04,60.29,69.71,52.52,15.72,16.52,-0.80
20170816.00,201708,51.00,60.33,24.96,8,0.09,60.29,68.06,53.77,15.72,15.05,0.67
20170915.50,201709,51.00,60.33,24.96,9,,52.33,58.85,47.62,11.30,9.93,1.37
20171002.50,201710,51.00,60.33,24.96,10,0.50,48.25,51.00,45.00,9.03,4.95,4.08
